sep=;
ID;Properties;Numeric ID;Pre-flattening ID;Added in Version;Fallback;Light Em/Oc
air;;0;air;;;00
stone;;1;stone;;;
granite;;1:1;stone;1.8;stone;
polished_granite;;1:2;stone;1.8;stone;
diorite;;1:3;stone;1.8;stone;
polished_diorite;;1:4;stone;1.8;stone;
andesite;;1:5;stone;1.8;stone;
polished_andesite;;1:6;stone;1.8;stone;
grass_block;SNOWABLE;2;grass;;;
dirt;;3;dirt;;;
coarse_dirt;;3:1;dirt;1.8;dirt;
podzol;SNOWABLE;3:2;dirt;1.7;dirt;
cobblestone;;4;cobblestone;;;
oak_planks;;5;planks;;;
spruce_planks;;5:1;planks;1.2.4;oak_planks;
birch_planks;;5:2;planks;1.2.4;oak_planks;
jungle_planks;;5:3;planks;1.2.4;oak_planks;
acacia_planks;;5:4;planks;1.7.1;oak_planks;
dark_oak_planks;;5:5;planks;1.7.1;oak_planks;
oak_sapling;;6;sapling;;;
spruce_sapling;;6:1;sapling;b1.5;oak_sapling;
birch_sapling;;6:2;sapling;b1.5;oak_sapling;
jungle_sapling;;6:3;sapling;1.2.1;oak_sapling;
acacia_sapling;;6:4;sapling;1.7;oak_sapling;
dark_oak_sapling;;6:5;sapling;1.7;oak_sapling;
bedrock;;7;bedrock;;;
flowing_water;;8;flowing_water;;;01
water;;9;water;;;01
flowing_lava;;10;flowing_lava;;;F1
lava;;11;lava;;;F1
sand;;12;sand;;;
red_sand;;12:1;sand;1.7;sand;
gravel;;13;gravel;;;
gold_ore;;14;gold_ore;;;
iron_ore;;15;iron_ore;;;
coal_ore;;16;coal_ore;;;
oak_log;XYZ;17;log;;;
oak_log;XYZ;17:4;log;1.3.1;oak_log;
oak_log;XYZ;17:8;log;1.3.1;oak_log;
oak_wood;;17:12;log;1.3.1;oak_log;
spruce_log;XYZ;17:1;log;b1.2;oak_log;
spruce_log;XYZ;17:5;log;1.3.1;spruce_log;
spruce_log;XYZ;17:9;log;1.3.1;spruce_log;
spruce_wood;;17:13;log;1.3.1;spruce_log;
birch_log;XYZ;17:2;log;b1.2;oak_log;
birch_log;XYZ;17:6;log;1.3.1;birch_log;
birch_log;XYZ;17:10;log;1.3.1;birch_log;
birch_wood;;17:14;log;1.3.1;birch_log;
jungle_log;XYZ;17:3;log;1.2.1;oak_log;
jungle_log;XYZ;17:7;log;1.3.1;jungle_log;
jungle_log;XYZ;17:11;log;1.3.1;jungle_log;
jungle_wood;;17:15;log;1.3.1;jungle_log;
oak_leaves;LEAVES;18;leaves;;;01
spruce_leaves;LEAVES;18:1;leaves;b1.2;oak_leaves;01
birch_leaves;LEAVES;18:2;leaves;b1.2;oak_leaves;01
jungle_leaves;LEAVES;18:3;leaves;1.2.1;oak_leaves;01
sponge;;19;sponge;;;
wet_sponge;;19:1;sponge;1.8;sponge;
glass;;20;glass;;;00
lapis_ore;;21;lapis_ore;b1.2;stone;
lapis_block;;22;lapis_block;b1.2;stone;
dispenser;6DIR;23;dispenser;b1.2;stone;
sandstone;;24;sandstone;b1.2;stone;
chiseled_sandstone;;24:1;sandstone;1.2.4;sandstone;
cut_sandstone;;24:2;sandstone;1.2.4;sandstone;
note_block;NOTEBLOCK;25;noteblock;b1.2;;
red_bed;BED;26;bed;b1.3;;00
rail;RAIL;66;rail;;;00
powered_rail;;27;golden_rail;b1.5;rail;00
detector_rail;;28;detector_rail;b1.5;rail;00
sticky_piston;PISTON;29;sticky_piston;b1.7;piston;00
cobweb;;30;web;b1.5;;00
! shrub;;31;tallgrass;b1.6;;00
grass;;31:1;tallgrass;b1.6;;00
fern;;31:2;tallgrass;b1.6;;00
dead_bush;;32;deadbush;b1.6;;00
piston;;33;piston;b1.7;;00
piston_head;;34;piston_head;b1.7;;00
moving_piston;;36;piston_extension;b1.8;;00
white_wool;;35:0;wool;;;
orange_wool;;35:1;wool;;;
magenta_wool;;35:2;wool;;;
light_blue_wool;;35:3;wool;;;
yellow_wool;;35:4;wool;;;
lime_wool;;35:5;wool;;;
pink_wool;;35:6;wool;;;
gray_wool;;35:7;wool;;;
light_gray_wool;;35:8;wool;;;
cyan_wool;;35:9;wool;;;
purple_wool;;35:10;wool;;;
blue_wool;;35:11;wool;;;
brown_wool;;35:12;wool;;;
green_wool;;35:13;wool;;;
red_wool;;35:14;wool;;;
black_wool;;35:15;wool;;;
dandelion;;37;yellow_flower;;;00
poppy;;38;red_flower;;;00
blue_orchid;;38:1;red_flower;1.7;dandelion;00
allium;;38:2;red_flower;1.7;dandelion;00
azure_bluet;;38:3;red_flower;1.7;dandelion;00
red_tulip;;38:4;red_flower;1.7;poppy;00
orange_tulip;;38:5;red_flower;1.7;poppy;00
white_tulip;;38:6;red_flower;1.7;poppy;00
pink_tulip;;38:7;red_flower;1.7;poppy;00
oxeye_daisy;;38:8;red_flower;1.7;dandelion;00
brown_mushroom;;39;brown_mushroom;;;00
red_mushroom;;40;red_mushroom;;;00
gold_block;;41;gold_block;;;
iron_block;;42;iron_block;;;
stone_slab;SLAB;43;double_stone_slab;;;
smooth_stone;;;;;stone;
#double slabs;;;;;
smooth_stone_slab;SLAB;44;stone_slab;;;00
sandstone_slab;SLAB;44:1;stone_slab;b1.3;smooth_stone_slab;00
petrified_oak_slab;SLAB;44:2;stone_slab;b1.3;smooth_stone_slab;00
cobblestone_slab;SLAB;44:3;stone_slab;b1.3;smooth_stone_slab;00
brick_slab;SLAB;44:4;stone_slab;b1.8;smooth_stone_slab;00
stone_brick_slab;SLAB;44:5;stone_slab;b1.8;smooth_stone_slab;00
nether_brick_slab;SLAB;44:6;stone_slab;1.4.6;brick_slab;00
quartz_slab;SLAB;44:7;stone_slab;1.5;smooth_stone_slab;00
bricks;;45;brick_block;;;
tnt;TNT;46;tnt;;;
bookshelf;;47;bookshelf;;;
mossy_cobblestone;;48;mossy_cobblestone;;;
obsidian;;49;obsidian;;;
torch;TORCH;50;torch;;;E0
wall_torch;;50:1..4;torch;;;E0
fire;FIRE;51;fire;;;F0
spawner;SPAWNER;52;mob_spawner;;;01
oak_stairs;STAIRS;53;oak_stairs;;;00
chest;CHEST;54;chest;;;00
redstone_wire;RS_WIRE;55;redstone_wire;a1.0.1;;00
diamond_ore;;56;diamond_ore;;;
diamond_block;;57;diamond_block;;;
crafting_table;;58;crafting_table;;;
wheat;CROP_WHEAT;59;wheat;;;00
farmland;FARMLAND;60;farmland;;;
furnace;FURNACE;61;furnace;;;
furnace;FURNACE;62;lit_furnace;;furnace;DF
oak_sign;SIGN;63;standing_sign;;;00
oak_door;DOOR;64;wooden_door;;;00
ladder;4DIR;65;ladder;;;00
cobblestone_stairs;STAIRS;67;stone_stairs;;;00
oak_wall_sign;SIGN;68;wall_sign;;;00
lever;LEVER;69;lever;a1.0.1;;00
stone_pressure_plate;PRESSURE_PLATE;70;stone_pressure_plate;a1.0.1;;00
iron_door;DOOR;71;iron_door;a1.0.1;;00
oak_pressure_plate;PRESSURE_PLATE;72;wooden_pressure_plate;a1.0.1;;00
redstone_ore;RS_ORE;73;redstone_ore;a1.0.1;;
redstone_ore;RS_ORE;74;lit_redstone_ore;a1.0.1;;9F
redstone_torch;TORCH_RS;75;unlit_redstone_torch;a1.0.1;;00
redstone_torch;TORCH_RS;76;redstone_torch;a1.0.1;;70
redstone_wall_torch;TORCH_RS;75:1..4;unlit_redstone_torch;a1.0.1;;00
redstone_wall_torch;TORCH_RS;76:1..4;redstone_torch;a1.0.1;;70
stone_button;BUTTON;77;stone_button;a1.0.1;;00
snow;SNOW_LAYERS;78;snow_layer;a1.0.4;;00
ice;;79;ice;a1.0.4;water;01
snow_block;;80;snow;a1.0.4;;
cactus;;81;cactus;a1.0.6;;00
clay;;82;clay;a1.0.11;dirt;
sugar_cane;;83;reeds;a1.0.11;;00
jukebox;TE_JUKEBOX;84;jukebox;a1.0.14;;
oak_fence;FENCE;85;fence;a1.0.17;;00
carved_pumpkin;4DIR;86;pumpkin;a1.2.0;oak_log;
netherrack;;87;netherrack;a1.2.0;cobblestone;
soul_sand;;88;soul_sand;a1.2.0;dirt;
glowstone;;89;glowstone;a1.2.0;;FF
nether_portal;PORTAL;90;portal;a1.2.0;;B0
jack_o_lantern;4DIR;91;lit_pumpkin;a1.2.0;oak_log;FF
cake;CAKE;92;cake;b1.2;;
repeater;REPEATER;93;unpowered_repeater;b1.3;stone_pressure_plate;
repeater;REPEATER;94;powered_repeater;b1.3;stone_pressure_plate;
white_stained_glass;;95:0;stained_glass;1.7;glass;00
orange_stained_glass;;95:1;stained_glass;1.7;glass;00
magenta_stained_glass;;95:2;stained_glass;1.7;glass;00
light_blue_stained_glass;;95:3;stained_glass;1.7;glass;00
yellow_stained_glass;;95:4;stained_glass;1.7;glass;00
lime_stained_glass;;95:5;stained_glass;1.7;glass;00
pink_stained_glass;;95:6;stained_glass;1.7;glass;00
gray_stained_glass;;95:7;stained_glass;1.7;glass;00
light_gray_stained_glass;;95:8;stained_glass;1.7;glass;00
cyan_stained_glass;;95:9;stained_glass;1.7;glass;00
purple_stained_glass;;95:10;stained_glass;1.7;glass;00
blue_stained_glass;;95:11;stained_glass;1.7;glass;00
brown_stained_glass;;95:12;stained_glass;1.7;glass;00
green_stained_glass;;95:13;stained_glass;1.7;glass;00
red_stained_glass;;95:14;stained_glass;1.7;glass;00
black_stained_glass;;95:15;stained_glass;1.7;glass;00
oak_trapdoor;TRAPDOOR;96;trapdoor;b1.6;;00
infested_stone;;97;monster_egg;b1.8;stone;
infested_cobblestone;;97:1;monster_egg;b1.8;cobblestone;
infested_stone_bricks;;97:2;monster_egg;b1.8;stone_bricks;
infested_mossy_stone_bricks;;97:3;monster_egg;1.7;mossy_stone_bricks;
infested_cracked_stone_bricks;;97:4;monster_egg;1.7;cracked_stone_bricks;
infested_chiseled_stone_bricks;;97:5;monster_egg;1.7;chiseled_stone_bricks;
stone_bricks;;98;stonebrick;b1.8;cobblestone;
mossy_stone_bricks;;98:1;stonebrick;b1.8;mossy_cobblestone;
cracked_stone_bricks;;98:2;stonebrick;b1.8;cobblestone;
chiseled_stone_bricks;;98:3;stonebrick;1.2;stone_bricks;
brown_mushroom_block;MUSHROOM_BLOCK;99;brown_mushroom_block;b1.8;;
red_mushroom_block;MUSHROOM_BLOCK;100;red_mushroom_block;b1.8;;
mushroom_stem;MUSHROOM_BLOCK;99:10;brown_mushroom_block;1.13;brown_mushroom_block;
iron_bars;PANE;101;iron_bars;b1.8;oak_fence;00
glass_pane;PANE;102;glass_pane;b1.8;glass;00
melon;;103;melon_block;b1.8;carved_pumpkin;
pumpkin_stem;STEM;104;pumpkin_stem;b1.8;;00
attached_pumpkin_stem;STEM;104;pumpkin_stem;b1.8;;00
melon_stem;STEM;105;melon_stem;b1.8;;00
attached_melon_stem;STEM;105;melon_stem;b1.8;;00
vine;VINE;106;vine;b1.8;;00
oak_fence_gate;FENCE_GATE;107;fence_gate;b1.8;;00
brick_stairs;STAIRS;108;brick_stairs;b1.8;cobblestone_stairs;00
stone_brick_stairs;STAIRS;109;stone_brick_stairs;b1.8;cobblestone_stairs;00
mycelium;SNOWABLE;110;mycelium;1.0.0;grass_block;
lily_pad;;111;waterlily;1.0.0;;00
nether_bricks;;112;nether_brick;1.0.0;bricks;
nether_brick_fence;FENCE;113;nether_brick_fence;1.0.0;oak_fence;00
nether_brick_stairs;STAIRS;114;nether_brick_stairs;1.0.0;brick_stairs;00
nether_wart;CROP_WART;115;nether_wart;1.0.0;;
enchanting_table;;116;enchanting_table;1.0.0;obsidian;7F
brewing_stand;BREWING;117;brewing_stand;1.0.0;oak_fence;10
cauldron;CAULDRON;118;cauldron;1.0.0;iron_block;
end_portal;;119;end_portal;1.0.0;;F0
end_portal_frame;END_PORTAL_FRAME;120;end_portal_frame;1.0.0;smooth_stone;1F
end_stone;;121;end_stone;1.0.0;cobblestone;
dragon_egg;;122;dragon_egg;1.0.0;diamond_block;10
redstone_lamp;RS_LAMP;123;redstone_lamp;1.2.1;glowstone;0F
redstone_lamp;RS_LAMP;124;lit_redstone_lamp;1.2.1;glowstone;FF
oak_slab;SLAB_DOUBLE;125;double_wooden_slab;1.3.1;43:2;
spruce_slab;SLAB_DOUBLE;125:1;double_wooden_slab;1.3.1;43:2;
birch_slab;SLAB_DOUBLE;125:2;double_wooden_slab;1.3.1;43:2;
jungle_slab;SLAB_DOUBLE;125:3;double_wooden_slab;1.3.1;43:2;
acacia_slab;SLAB_DOUBLE;125:4;double_wooden_slab;1.7;oak_slab[double=true];
dark_oak_slab;SLAB_DOUBLE;125:5;double_wooden_slab;1.7;spruce_slab[double=true];
oak_slab;SLAB_SINGLE;126;wooden_slab;1.3.1;44:2;00
spruce_slab;SLAB_SINGLE;126:1;wooden_slab;1.3.1;44:2;00
birch_slab;SLAB_SINGLE;126:2;wooden_slab;1.3.1;44:2;00
jungle_slab;SLAB_SINGLE;126:3;wooden_slab;1.3.1;44:2;00
acacia_slab;SLAB_SINGLE;126:4;wooden_slab;1.7;oak_slab;00
dark_oak_slab;SLAB_SINGLE;126:5;wooden_slab;1.7;spruce_slab;00
cocoa;CROP_COCOA;127;cocoa;1.3.1;;00
sandstone_stairs;STAIRS;128;sandstone_stairs;1.3.1;cobblestone_stairs;00
emerald_ore;;129;emerald_ore;1.3.1;diamond_ore;
ender_chest;CHEST;130;ender_chest;1.3.1;chest;70
tripwire_hook;;131;tripwire_hook;1.3.1;;00
tripwire;;132;tripwire;1.3.1;;00
emerald_block;;133;emerald_block;1.3.1;diamond_block;
spruce_stairs;STAIRS;134;spruce_stairs;1.3.1;oak_stairs;00
birch_stairs;STAIRS;135;birch_stairs;1.3.1;oak_stairs;00
jungle_stairs;STAIRS;136;jungle_stairs;1.3.1;oak_stairs;00
command_block;CMDBLOCK;137;command_block;1.4.2;bedrock;
beacon;;138;beacon;1.4.2;glass;F0
cobblestone_wall;WALL;139;cobblestone_wall;1.4.2;cobblestone;00
mossy_cobblestone_wall;WALL;139:1;cobblestone_wall;1.4.2;mossy_cobblestone;00
flower_pot;;140;flower_pot;1.4.2;;00
potted_dandelion;;140:1;flower_pot;1.4.2;;00
potted_poppy;;140:2;flower_pot;1.4.2;;00
potted_red_mushroom;;140:3;flower_pot;1.4.2;;00
potted_brown_mushroom;;140:4;flower_pot;1.4.2;;00
potted_oak_sapling;;140:5;flower_pot;1.4.2;;00
potted_birch_sapling;;140:6;flower_pot;1.4.2;;00
potted_spruce_sapling;;140:7;flower_pot;1.4.2;;00
potted_jungle_sapling;;140:8;flower_pot;1.4.2;;00
potted_cactus;;140:9;flower_pot;1.4.2;;00
potted_fern;;140:10;flower_pot;1.4.2;;00
potted_dead_bush;;140:11;flower_pot;1.4.2;;00
carrots;CROP2;141;carrots;1.4.2;wheat;00
potatoes;CROP2;142;potatoes;1.4.2;wheat;00
oak_button;BUTTON;143;wooden_button;1.4.2;stone_button;00
player_head;HEAD_PLAYER;144;skull;1.4.2;;00
player_wall_head;HEAD_PLAYER;144;skull;1.4.2;;00
skeleton_skull;HEAD;144;skull;1.4.2;;00
skeleton_wall_skull;HEAD;144;skull;1.4.2;;00
creeper_head;HEAD;144;skull;1.4.2;;00
creeper_wall_head;HEAD;144;skull;1.4.2;;00
zombie_head;HEAD;144;skull;1.4.2;;00
zombie_wall_head;HEAD;144;skull;1.4.2;;00
wither_skeleton_skull;HEAD;144;skull;1.4.2;;00
wither_skeleton_wall_skull;HEAD;144;skull;1.4.2;;00
anvil;;145:0..3;anvil;1.4.2;iron_block;00
chipped_anvil;;145:4..7;anvil;1.4.2;iron_block;00
damaged_anvil;;145:8..11;anvil;1.4.2;iron_block;00
trapped_chest;CHEST;146;trapped_chest;1.5;chest;00
light_weighted_pressure_plate;PRPLATE;147;light_weighted_pressure_plate;1.5;oak_pressure_plate;00
heavy_weighted_pressure_plate;PRPLATE;148;heavy_weighted_pressure_plate;1.5;oak_pressure_plate;00
comparator;COMPARATOR;149;unpowered_comparator;1.5;;00
comparator;COMPARATOR;150;powered_comparator;1.5;;00
daylight_detector;DL_DETECTOR;151;daylight_detector;1.5;smooth_stone_slab;00
redstone_block;;152;redstone_block;1.5;redstone_ore;
nether_quartz_ore;;153;quartz_ore;1.5;netherrack;
hopper;HOPPER;154;hopper;1.5;cauldron;00
quartz_block;;155;quartz_block;1.5;stone_bricks;
chiseled_quartz_block;;155:1;quartz_block;1.5;chiseled_stone_bricks;
quartz_pillar;XYZ;155:2;quartz_block;1.5;stone_bricks;
quartz_stairs;STAIRS;156;quartz_stairs;1.5;stone_brick_stairs;00
activator_rail;RAILXZ;157;activator_rail;1.5;rail;00
dropper;6DIR;158;dropper;1.5;dispenser;
terracotta;;172;hardened_clay;1.6.1;clay;
white_terracotta;;159:0;stained_hardened_clay;1.6.1;white_wool;
orange_terracotta;;159:1;stained_hardened_clay;1.6.1;orange_wool;
magenta_terracotta;;159:2;stained_hardened_clay;1.6.1;magenta_wool;
light_blue_terracotta;;159:3;stained_hardened_clay;1.6.1;light_blue_wool;
yellow_terracotta;;159:4;stained_hardened_clay;1.6.1;yellow_wool;
lime_terracotta;;159:5;stained_hardened_clay;1.6.1;lime_wool;
pink_terracotta;;159:6;stained_hardened_clay;1.6.1;pink_wool;
gray_terracotta;;159:7;stained_hardened_clay;1.6.1;gray_wool;
light_gray_terracotta;;159:8;stained_hardened_clay;1.6.1;light_gray_wool;
cyan_terracotta;;159:9;stained_hardened_clay;1.6.1;cyan_wool;
purple_terracotta;;159:10;stained_hardened_clay;1.6.1;purple_wool;
blue_terracotta;;159:11;stained_hardened_clay;1.6.1;blue_wool;
brown_terracotta;;159:12;stained_hardened_clay;1.6.1;brown_wool;
green_terracotta;;159:13;stained_hardened_clay;1.6.1;green_wool;
red_terracotta;;159:14;stained_hardened_clay;1.6.1;red_wool;
black_terracotta;;159:15;stained_hardened_clay;1.6.1;black_wool;
smooth_sandstone;;43: ???;double_stone_slab;1.5;sandstone;
smooth_quartz;;43: ???;double_stone_slab;1.5;stone;
white_stained_glass_pane;;160:0;stained_glass_pane;1.7;glass_pane;00
orange_stained_glass_pane;;160:1;stained_glass_pane;1.7;glass_pane;00
magenta_stained_glass_pane;;160:2;stained_glass_pane;1.7;glass_pane;00
light_blue_stained_glass_pane;;160:3;stained_glass_pane;1.7;glass_pane;00
yellow_stained_glass_pane;;160:4;stained_glass_pane;1.7;glass_pane;00
lime_stained_glass_pane;;160:5;stained_glass_pane;1.7;glass_pane;00
pink_stained_glass_pane;;160:6;stained_glass_pane;1.7;glass_pane;00
gray_stained_glass_pane;;160:7;stained_glass_pane;1.7;glass_pane;00
light_gray_stained_glass_pane;;160:8;stained_glass_pane;1.7;glass_pane;00
cyan_stained_glass_pane;;160:9;stained_glass_pane;1.7;glass_pane;00
purple_stained_glass_pane;;160:10;stained_glass_pane;1.7;glass_pane;00
blue_stained_glass_pane;;160:11;stained_glass_pane;1.7;glass_pane;00
brown_stained_glass_pane;;160:12;stained_glass_pane;1.7;glass_pane;00
green_stained_glass_pane;;160:13;stained_glass_pane;1.7;glass_pane;00
red_stained_glass_pane;;160:14;stained_glass_pane;1.7;glass_pane;00
black_stained_glass_pane;;160:15;stained_glass_pane;1.7;glass_pane;00
acacia_leaves;LEAVES;161;leaves2;1.7;oak_leaves;01
dark_oak_leaves;LEAVES;161:1;leaves2;1.7;oak_log;01
acacia_log;XYZ;162;log2;1.7;oak_log;
acacia_log;XYZ;162:4;log2;1.7;oak_log;
acacia_log;XYZ;162:8;log2;1.7;oak_log;
acacia_wood;;162:12;log2;1.7;oak_wood;
dark_oak_log;XYZ;162:1;log2;1.7;spruce_log;
dark_oak_log;XYZ;162:5;log2;1.7;spruce_log;
dark_oak_log;XYZ;162:9;log2;1.7;spruce_log;
dark_oak_wood;;162:13;log2;1.7;spruce_wood;
acacia_stairs;STAIRS;163;acacia_stairs;1.7;oak_stairs;00
dark_oak_stairs;STAIRS;164;dark_oak_stairs;1.7;oak_stairs;00
slime_block;;165;slime;1.8;sponge;01
barrier;;166;barrier;1.8;glass;00
iron_trapdoor;TRAPDOOR;167;iron_trapdoor;1.8;trapdoor;00
prismarine;;168;prismarine;1.8;cobblestone;
prismarine_bricks;;168:1;prismarine;1.8;stone_bricks;
dark_prismarine;;168:2;prismarine;1.8;nether_bricks;
sea_lantern;;169;sea_lantern;1.8;glowstone;
hay_block;XYZ;170;hay_block;1.8;yellow_wool;
white_carpet;;171:0;carpet;1.8;;00
orange_carpet;;171:1;carpet;1.8;;00
magenta_carpet;;171:2;carpet;1.8;;00
light_blue_carpet;;171:3;carpet;1.8;;00
yellow_carpet;;171:4;carpet;1.8;;00
lime_carpet;;171:5;carpet;1.8;;00
pink_carpet;;171:6;carpet;1.8;;00
gray_carpet;;171:7;carpet;1.8;;00
light_gray_carpet;;171:8;carpet;1.8;;00
cyan_carpet;;171:9;carpet;1.8;;00
purple_carpet;;171:10;carpet;1.8;;00
blue_carpet;;171:11;carpet;1.8;;00
brown_carpet;;171:12;carpet;1.8;;00
green_carpet;;171:13;carpet;1.8;;00
red_carpet;;171:14;carpet;1.8;;00
black_carpet;;171:15;carpet;1.8;;00
coal_block;;173;coal_block;1.6.1;obsidian;
packed_ice;;174;packed_ice;1.7;ice;
sunflower;DBPLANT;175;double_plant;1.7;dandelion;00
lilac;DBPLANT;175:1;double_plant;1.7;dandelion;00
tall_grass;DBPLANT;175:2;double_plant;1.7;grass;00
large_fern;DBPLANT;175:3;double_plant;1.7;fern;00
rose_bush;DBPLANT;175:4;double_plant;1.7;poppy;00
peony;DBPLANT;175:5;double_plant;1.7;azure_bluet;00
potted_allium;;140:12;flower_pot;1.7.2;potted_dandelion;00
potted_azure_bluet;;140:13;flower_pot;1.7.2;potted_dandelion;00
potted_oxeye_daisy;;140:14;flower_pot;1.7.2;potted_dandelion;00
potted_blue_orchid;;140:15;flower_pot;1.7.2;potted_dandelion;00
potted_red_tulip;;;flower_pot;1.7.2;potted_poppy;00
potted_orange_tulip;;;flower_pot;1.7.2;potted_poppy;00
potted_white_tulip;;;flower_pot;1.7.2;potted_poppy;00
potted_pink_tulip;;;flower_pot;1.7.2;potted_poppy;00
potted_acacia_sapling;;;flower_pot;1.7.2;potted_jungle_sapling;00
potted_dark_oak_sapling;;;flower_pot;1.7.2;potted_oak_sapling;00
white_banner;BANNER;176:0;standing_banner;1.8;;00
white_wall_banner;BANNER;177:0;wall_banner;1.8;;00
orange_banner;BANNER;176:1;standing_banner;1.8;;00
orange_wall_banner;BANNER;177:1;wall_banner;1.8;;00
magenta_banner;BANNER;176:2;standing_banner;1.8;;00
magenta_wall_banner;BANNER;177:2;wall_banner;1.8;;00
light_blue_banner;BANNER;176:3;standing_banner;1.8;;00
light_blue_wall_banner;BANNER;177:3;wall_banner;1.8;;00
yellow_banner;BANNER;176:4;standing_banner;1.8;;00
yellow_wall_banner;BANNER;177:4;wall_banner;1.8;;00
lime_banner;BANNER;176:5;standing_banner;1.8;;00
lime_wall_banner;BANNER;177:5;wall_banner;1.8;;00
pink_banner;BANNER;176:6;standing_banner;1.8;;00
pink_wall_banner;BANNER;177:6;wall_banner;1.8;;00
gray_banner;BANNER;176:7;standing_banner;1.8;;00
gray_wall_banner;BANNER;177:7;wall_banner;1.8;;00
light_gray_banner;BANNER;176:8;standing_banner;1.8;;00
light_gray_wall_banner;BANNER;177:8;wall_banner;1.8;;00
cyan_banner;BANNER;176:9;standing_banner;1.8;;00
cyan_wall_banner;BANNER;177:9;wall_banner;1.8;;00
purple_banner;BANNER;176:10;standing_banner;1.8;;00
purple_wall_banner;BANNER;177:10;wall_banner;1.8;;00
blue_banner;BANNER;176:11;standing_banner;1.8;;00
blue_wall_banner;BANNER;177:11;wall_banner;1.8;;00
brown_banner;BANNER;176:12;standing_banner;1.8;;00
brown_wall_banner;BANNER;177:12;wall_banner;1.8;;00
green_banner;BANNER;176:13;standing_banner;1.8;;00
green_wall_banner;BANNER;177:13;wall_banner;1.8;;00
red_banner;BANNER;176:14;standing_banner;1.8;;00
red_wall_banner;BANNER;177:14;wall_banner;1.8;;00
black_banner;BANNER;176:15;standing_banner;1.8;;00
black_wall_banner;BANNER;177:15;wall_banner;1.8;;00
daylight_detector;DL_DETECTOR;178;daylight_detector_inverted;1.8;daylight_detector;00
red_sandstone;;179;red_sandstone;1.8;sandstone;
chiseled_red_sandstone;;179:1;red_sandstone;1.8;chiseled_sandstone;
cut_red_sandstone;;179:2;red_sandstone;1.8;cut_sandstone;
red_sandstone_stairs;STAIRS;180;red_sandstone_stairs;1.8;sandstone_stairs;00
red_sandstone_slab;SLAB_DOUBLE;181;double_stone_slab2;1.8;sandstone_slab[double=true];
red_sandstone_slab;SLAB_SINGLE;182;stone_slab2;1.8;sandstone_slab;00
spruce_fence_gate;FENCE_GATE;183;spruce_fence_gate;1.8;oak_fence_gate;00
birch_fence_gate;FENCE_GATE;184;birch_fence_gate;1.8;oak_fence_gate;00
jungle_fence_gate;FENCE_GATE;185;jungle_fence_gate;1.8;oak_fence_gate;00
dark_oak_fence_gate;FENCE_GATE;186;dark_oak_fence_gate;1.8;oak_fence_gate;00
acacia_fence_gate;FENCE_GATE;187;acacia_fence_gate;1.8;oak_fence_gate;00
spruce_fence;FENCE;188;spruce_fence;1.8;oak_fence;00
birch_fence;FENCE;189;birch_fence;1.8;oak_fence;00
jungle_fence;FENCE;190;jungle_fence;1.8;oak_fence;00
dark_oak_fence;FENCE;191;dark_oak_fence;1.8;oak_fence;00
acacia_fence;FENCE;192;acacia_fence;1.8;oak_fence;00
spruce_door;DOOR;193;spruce_door;1.8;oak_door;00
birch_door;DOOR;194;birch_door;1.8;oak_door;00
jungle_door;DOOR;195;jungle_door;1.8;oak_door;00
acacia_door;DOOR;196;acacia_door;1.8;oak_door;00
dark_oak_door;DOOR;197;dark_oak_door;1.8;oak_door;00
end_rod;6DIR;198;end_rod;1.9;sea_lantern;E0
chorus_plant;CHORUS;199;chorus_plant;1.9;;00
chorus_flower;CHORUS;200;chorus_flower;1.9;;00
purpur_block;;201;purpur_block;1.9;stone_bricks;
purpur_pillar;;202;purpur_pillar;1.9;chiseled_stone_bricks;
purpur_stairs;STAIRS;203;purpur_stairs;1.9;stone_brick_stairs;00
purpur_slab;SLAB_DOUBLE;204;purpur_double_slab;1.9;stone_brick_slab[double=true];
purpur_slab;SLAB_SINGLE;205;purpur_slab;1.9;stone_brick_slab;00
end_stone_bricks;;206;end_bricks;1.9;stone_bricks;
beetroots;CROP2;207;beetroots;1.9;potatoes;00
grass_path;;208;grass_path;1.9;grass_block;
dirt_path;"(""grass_path"" prior to 1.17!)";;grass_path;1.17;grass_path;
end_gateway;;209;end_gateway;1.9;;F1
repeating_command_block;CMDBLOCK;210;repeating_command_block;1.9;command_block;
chain_command_block;CMDBLOCK;211;chain_command_block;1.9;command_block;
frosted_ice;;212;frosted_ice;1.9;ice;01
dragon_head;DRGHEAD;;dragon_head;1.9;;00
dragon_wall_head;DRGHEAD;;dragon_wall_head;1.9;;00
structure_block;STRUCTUREBLOCK;255;;;;
magma_block;;213;magma;1.10;netherrack;3F
nether_wart_block;;214;nether_wart_block;1.10;red_sandstone;
red_nether_bricks;;215;red_nether_brick;1.10;nether_bricks;
bone_block;XYZ;216;bone_block;1.10;quartz_pillar;
structure_void;;217;structure_void;1.10;;00
observer;OBSERVER;218;observer;1.11;smooth_stone;
white_shulker_box;SHULKER;219;;1.11;chest;01
orange_shulker_box;SHULKER;220;;1.11;chest;01
magenta_shulker_box;SHULKER;221;;1.11;chest;01
light_blue_shulker_box;SHULKER;222;;1.11;chest;01
yellow_shulker_box;SHULKER;223;;1.11;chest;01
lime_shulker_box;SHULKER;224;;1.11;chest;01
pink_shulker_box;SHULKER;225;;1.11;chest;01
gray_shulker_box;SHULKER;226;;1.11;chest;01
light_gray_shulker_box;SHULKER;227;silver_shulker_box;1.11;chest;01
cyan_shulker_box;SHULKER;228;;1.11;chest;01
purple_shulker_box;SHULKER;229;;1.11;chest;01
blue_shulker_box;SHULKER;230;;1.11;chest;01
brown_shulker_box;SHULKER;231;;1.11;chest;01
green_shulker_box;SHULKER;232;;1.11;chest;01
red_shulker_box;SHULKER;233;;1.11;chest;01
black_shulker_box;SHULKER;234;;1.11;chest;01
white_glazed_terracotta;GLTERRACOTTA;235;;1.12;white_terracotta;
orange_glazed_terracotta;GLTERRACOTTA;236;;1.12;orange_terracotta;
magenta_glazed_terracotta;GLTERRACOTTA;237;;1.12;magenta_terracotta;
light_blue_glazed_terracotta;GLTERRACOTTA;238;;1.12;light_blue_terracotta;
yellow_glazed_terracotta;GLTERRACOTTA;239;;1.12;yellow_terracotta;
lime_glazed_terracotta;GLTERRACOTTA;240;;1.12;lime_terracotta;
pink_glazed_terracotta;GLTERRACOTTA;241;;1.12;pink_terracotta;
gray_glazed_terracotta;GLTERRACOTTA;242;;1.12;gray_terracotta;
light_gray_glazed_terracotta;GLTERRACOTTA;243;silver_glazed_terracotta;1.12;light_gray_terracotta;
cyan_glazed_terracotta;GLTERRACOTTA;244;;1.12;cyan_terracotta;
purple_glazed_terracotta;GLTERRACOTTA;245;;1.12;purple_terracotta;
blue_glazed_terracotta;GLTERRACOTTA;246;;1.12;blue_terracotta;
brown_glazed_terracotta;GLTERRACOTTA;247;;1.12;brown_terracotta;
green_glazed_terracotta;GLTERRACOTTA;248;;1.12;green_terracotta;
red_glazed_terracotta;GLTERRACOTTA;249;;1.12;red_terracotta;
black_glazed_terracotta;GLTERRACOTTA;250;;1.12;black_terracotta;
white_concrete;;251:0;concrete;1.12;white_terracotta;
orange_concrete;;251:1;concrete;1.12;orange_terracotta;
magenta_concrete;;251:2;concrete;1.12;magenta_terracotta;
light_blue_concrete;;251:3;concrete;1.12;light_blue_terracotta;
yellow_concrete;;251:4;concrete;1.12;yellow_terracotta;
lime_concrete;;251:5;concrete;1.12;lime_terracotta;
pink_concrete;;251:6;concrete;1.12;pink_terracotta;
gray_concrete;;251:7;concrete;1.12;gray_terracotta;
light_gray_concrete;;251:8;concrete;1.12;light_gray_terracotta;
cyan_concrete;;251:9;concrete;1.12;cyan_terracotta;
purple_concrete;;251:10;concrete;1.12;purple_terracotta;
blue_concrete;;251:11;concrete;1.12;blue_terracotta;
brown_concrete;;251:12;concrete;1.12;brown_terracotta;
green_concrete;;251:13;concrete;1.12;green_terracotta;
red_concrete;;251:14;concrete;1.12;red_terracotta;
black_concrete;;251:15;concrete;1.12;black_terracotta;
white_concrete_powder;;252:0;concrete_powder;1.12;white_wool;
orange_concrete_powder;;252:1;concrete_powder;1.12;orange_wool;
magenta_concrete_powder;;252:2;concrete_powder;1.12;magenta_wool;
light_blue_concrete_powder;;252:3;concrete_powder;1.12;light_blue_wool;
yellow_concrete_powder;;252:4;concrete_powder;1.12;yellow_wool;
lime_concrete_powder;;252:5;concrete_powder;1.12;lime_wool;
pink_concrete_powder;;252:6;concrete_powder;1.12;pink_wool;
gray_concrete_powder;;252:7;concrete_powder;1.12;gray_wool;
light_gray_concrete_powder;;252:8;concrete_powder;1.12;light_gray_wool;
cyan_concrete_powder;;252:9;concrete_powder;1.12;cyan_wool;
purple_concrete_powder;;252:10;concrete_powder;1.12;purple_wool;
blue_concrete_powder;;252:11;concrete_powder;1.12;blue_wool;
brown_concrete_powder;;252:12;concrete_powder;1.12;brown_wool;
green_concrete_powder;;252:13;concrete_powder;1.12;green_wool;
red_concrete_powder;;252:14;concrete_powder;1.12;red_wool;
black_concrete_powder;;252:15;concrete_powder;1.12;black_wool;
white_bed;BED;;;1.12;red_bed;00
light_gray_bed;BED;;;1.12;red_bed;00
gray_bed;BED;;;1.12;red_bed;00
black_bed;BED;;;1.12;red_bed;00
pink_bed;BED;;;1.12;red_bed;00
orange_bed;BED;;;1.12;red_bed;00
yellow_bed;BED;;;1.12;red_bed;00
brown_bed;BED;;;1.12;red_bed;00
lime_bed;BED;;;1.12;red_bed;00
green_bed;BED;;;1.12;red_bed;00
cyan_bed;BED;;;1.12;red_bed;00
light_blue_bed;BED;;;1.12;red_bed;00
blue_bed;BED;;;1.12;red_bed;00
magenta_bed;BED;;;1.12;red_bed;00
purple_bed;BED;;;1.12;red_bed;00
cave_air;;;;1.13;;00
void_air;;;;1.13;;00
pumpkin;;;;1.13;carved_pumpkin;
spruce_button;BUTTON;;;1.13;oak_button;00
birch_button;BUTTON;;;1.13;oak_button;00
jungle_button;BUTTON;;;1.13;oak_button;00
acacia_button;BUTTON;;;1.13;oak_button;00
dark_oak_button;BUTTON;;;1.13;oak_button;00
spruce_pressure_plate;PRPLATE;;;1.13;oak_pressure_plate;00
birch_pressure_plate;PRPLATE;;;1.13;oak_pressure_plate;00
jungle_pressure_plate;PRPLATE;;;1.13;oak_pressure_plate;00
acacia_pressure_plate;PRPLATE;;;1.13;oak_pressure_plate;00
dark_oak_pressure_plate;PRPLATE;;;1.13;oak_pressure_plate;00
spruce_trapdoor;TRAPDOOR;;;1.13;oak_trapdoor;00
birch_trapdoor;TRAPDOOR;;;1.13;oak_trapdoor;00
jungle_trapdoor;TRAPDOOR;;;1.13;oak_trapdoor;00
acacia_trapdoor;TRAPDOOR;;;1.13;oak_trapdoor;00
dark_oak_trapdoor;TRAPDOOR;;;1.13;oak_trapdoor;00
stripped_oak_log;XYZ;;;1.13;oak_log;
stripped_oak_wood;XYZ;;;1.13;oak_wood;
stripped_spruce_log;XYZ;;;1.13;spruce_log;
stripped_spruce_wood;XYZ;;;1.13;spruce_wood;
stripped_birch_log;XYZ;;;1.13;birch_log;
stripped_birch_wood;XYZ;;;1.13;birch_wood;
stripped_jungle_log;XYZ;;;1.13;jungle_log;
stripped_jungle_wood;XYZ;;;1.13;jungle_wood;
stripped_acacia_log;XYZ;;;1.13;acacia_log;
stripped_acacia_wood;XYZ;;;1.13;acacia_wood;
stripped_dark_oak_log;XYZ;;;1.13;dark_oak_log;
stripped_dark_oak_wood;XYZ;;;1.13;dark_oak_wood;
bubble_column;BUBBLES;;;1.13;water;01
kelp;KELP;;;1.13;water;01
kelp_plant;KELP;;;1.13;water;01
seagrass;;;;1.13;water;01
tall_seagrass;SEAGRASS;;;1.13;water;01
dried_kelp_block;;;;1.13;sponge;
prismarine_stairs;STAIRS;;;1.13;cobblestone_stairs;00
prismarine_slab;SLAB;;;1.13;cobblestone_slab;00
turtle_egg;TURTLEEGG;;;1.13;;00
tube_coral_block;;;;1.13;blue_terracotta;
brain_coral_block;;;;1.13;pink_terracotta;
bubble_coral_block;;;;1.13;magenta_terracotta;
fire_coral_block;;;;1.13;red_terracotta;
horn_coral_block;;;;1.13;yellow_terracotta;
dead_tube_coral_block;;;;1.13;cobblestone;
dead_brain_coral_block;;;;1.13;cobblestone;
dead_bubble_coral_block;;;;1.13;cobblestone;
dead_fire_coral_block;;;;1.13;cobblestone;
dead_horn_coral_block;;;;1.13;cobblestone;
tube_coral;CORAL;;;1.13;;00
brain_coral;CORAL;;;1.13;;00
bubble_coral;CORAL;;;1.13;;00
fire_coral;CORAL;;;1.13;;00
horn_coral;CORAL;;;1.13;;00
dead_tube_coral;CORAL;;;1.13;;00
dead_brain_coral;CORAL;;;1.13;;00
dead_bubble_coral;CORAL;;;1.13;;00
dead_fire_coral;CORAL;;;1.13;;00
dead_horn_coral;CORAL;;;1.13;;00
tube_coral_fan;CORAL;;;1.13;;00
brain_coral_fan;CORAL;;;1.13;;00
bubble_coral_fan;CORAL;;;1.13;;00
fire_coral_fan;CORAL;;;1.13;;00
horn_coral_fan;CORAL;;;1.13;;00
dead_tube_coral_fan;CORAL;;;1.13;;00
dead_brain_coral_fan;CORAL;;;1.13;;00
dead_bubble_coral_fan;CORAL;;;1.13;;00
dead_fire_coral_fan;CORAL;;;1.13;;00
dead_horn_coral_fan;CORAL;;;1.13;;00
tube_coral_wall_fan;CORAL;;;1.13;;00
brain_coral_wall_fan;CORAL;;;1.13;;00
bubble_coral_wall_fan;CORAL;;;1.13;;00
fire_coral_wall_fan;CORAL;;;1.13;;00
horn_coral_wall_fan;CORAL;;;1.13;;00
dead_tube_coral_wall_fan;CORAL;;;1.13;;00
dead_brain_coral_wall_fan;CORAL;;;1.13;;00
dead_bubble_coral_wall_fan;CORAL;;;1.13;;00
dead_fire_coral_wall_fan;CORAL;;;1.13;;00
dead_horn_coral_wall_fan;CORAL;;;1.13;;00
sea_pickle;SEAPICKLE;;;1.13;;?0
blue_ice;;;;1.13;packed_ice;
conduit;CONDUIT;;;1.13;water;F0
prismarine_slab;SLAB;;;1.13;cobblestone_slab;00
prismarine_stairs;STAIRS;;;1.13;cobblestone_stairs;00
prismarine_brick_slab;SLAB;;;1.13;stone_brick_slab;00
prismarine_brick_stairs;STAIRS;;;1.13;stone_brick_stairs;00
dark_prismarine_slab;SLAB;;;1.13;nether_brick_slab;00
dark_prismarine_stairs;STAIRS;;;1.13;nether_brick_stairs;00
dark_prismarine_slab;SLAB;;;1.13;nether_brick_slab;00
dark_prismarine_stairs;STAIRS;;;1.13;nether_brick_stairs;00
shulker_box;SHULKER;;shulker_box;1.13;purple_shulker_box;01
bamboo;;;;1.14;jungle_fence;00
bamboo_sapling;;;;1.14;jungle_sapling;00
cornflower;;;;1.14;alium;00
wither_rose;;;;1.14;poppy;00
lily_of_the_valley;;;;1.14;azure_bluet;00
loom;;;;1.14;crafting_table;
spruce_sign;SIGN;;;1.14;oak_sign;00
spruce_wall_sign;SIGN;;;1.14;oak_wall_sign;00
birch_sign;SIGN;;;1.14;oak_sign;00
birch_wall_sign;SIGN;;;1.14;oak_wall_sign;00
jungle_sign;SIGN;;;1.14;oak_sign;00
jungle_wall_sign;SIGN;;;1.14;oak_wall_sign;00
acacia_sign;SIGN;;;1.14;oak_sign;00
acacia_wall_sign;SIGN;;;1.14;oak_wall_sign;00
dark_oak_sign;SIGN;;;1.14;oak_sign;00
dark_oak_wall_sign;SIGN;;;1.14;oak_wall_sign;00
stone_slab;SLAB;;;1.14;smooth_stone_slab;00
andesite_slab;SLAB;;;1.14;cobblestone_slab;00
polished_andesite_slab;SLAB;;;1.14;smooth_stone_slab;00
diorite_slab;SLAB;;;1.14;cobblestone_slab;00
polished_diorite_slab;SLAB;;;1.14;smooth_stone_slab;00
granite_slab;SLAB;;;1.14;cobblestone_slab;00
polished_granite_slab;SLAB;;;1.14;smooth_stone_slab;00
mossy_stone_brick_slab;SLAB;;;1.14;stone_brick_slab;00
mossy_cobblestone_slab;SLAB;;;1.14;cobblestone_slab;00
smooth_sandstone_slab;SLAB;;;1.14;sandstone_slab;00
smooth_red_sandstone_slab;SLAB;;;1.14;red_sandstone_slab;00
smooth_quartz_slab;SLAB;;;1.14;quartz_slab;00
red_nether_brick_slab;SLAB;;;1.14;nether_brick_slab;00
end_stone_brick_slab;SLAB;;;1.14;stone_brick_slab;00
stone_stairs;STAIRS;;;1.14;cobblestone_stairs;00
andesite_stairs;STAIRS;;;1.14;cobblestone_stairs;00
polished_andesite_stairs;STAIRS;;;1.14;stone_brick_stairs;00
diorite_stairs;STAIRS;;;1.14;cobblestone_stairs;00
polished_diorite_stairs;STAIRS;;;1.14;stone_brick_stairs;00
granite_stairs;STAIRS;;;1.14;cobblestone_stairs;00
polished_granite_stairs;STAIRS;;;1.14;stone_brick_stairs;00
mossy_stone_brick_stairs;STAIRS;;;1.14;stone_brick_stairs;00
mossy_cobblestone_stairs;STAIRS;;;1.14;cobblestone_stairs;00
smooth_red_sandstone;;;;1.14;red_sandstone;
smooth_sandstone_stairs;STAIRS;;;1.14;sandstone_stairs;00
smooth_red_sandstone_stairs;STAIRS;;;1.14;red_sandstone_stairs;00
smooth_quartz_stairs;STAIRS;;;1.14;quartz_stairs;00
red_nether_brick_stairs;STAIRS;;;1.14;nether_brick_stairs;00
end_stone_brick_stairs;STAIRS;;;1.14;stone_brick_stairs;00
brick_wall;WALL;;;1.14;bricks;00
andesite_wall;WALL;;;1.14;andesite;00
diorite_wall;WALL;;;1.14;diorite;00
granite_wall;WALL;;;1.14;granite;00
prismarine_wall;WALL;;;1.14;prismarine;00
stone_brick_wall;WALL;;;1.14;stone_bricks;00
mossy_stone_brick_wall;WALL;;;1.14;mossy_stone_bricks;00
sandstone_wall;WALL;;;1.14;sandstone;00
red_sandstone_wall;WALL;;;1.14;red_sandstone;00
nether_brick_wall;WALL;;;1.14;nether_bricks;00
red_nether_brick_wall;WALL;;;1.14;red_nether_bricks;00
end_stone_brick_wall;WALL;;;1.14;end_stone_bricks;00
barrel;BARREL;;;1.14;chest;
bell;BELL;;;1.14;;00
blast_furnace;FURNACE;;;1.14;furnace;
smoker;FURNACE;;;1.14;furnace;
cartography_table;;;;1.14;crafting_table;
fletching_table;;;;1.14;crafting_table;
smithing_table;;;;1.14;crafting_table;
stonecutter;STONECUTTER;;;1.14;smooth_stone_slab;00
grindstone;GRINDSTONE;;;1.14;smooth_stone;00
lectern;LECTERN;;;1.14;bookshelf;00
scaffolding;SCAFFOLDING;;;1.14;;00
lantern;LANTERN;;;1.14;torch;F0
jigsaw_block;JIGSAW;;;1.14;bedrock;
sweet_berry_bush;BERRYBUSH;;;1.14;fern;
campfire;CAMPFIRE;;;1.14;torch;F0
composter;COMPOSTER;;;1.14;cauldron;00
cut_sandstone_slab;SLAB;;;1.14;sandstone_slab;00
cut_red_sandstone_slab;SLAB;;;1.14;red_sandstone_slab;00
potted_cornflower;;;;1.14;potted_allium;00
potted_lily_of_the_valley;;;;1.14;potted_azure_bluet;00
potted_wither_rose;;;;1.14;potted_poppy;00
potted_bamboo;;;;1.14;potted_cactus;00
jigsaw;JIGSAW;;;1.14;bedrock;
bee_nest;BEENEST;;;1.15;;
beehive;BEEHIVE;;;1.15;oak_planks;
honey_block;;;;1.15;slime_block;01
honeycomb_block;;;;1.15;orange_terracotta;
ancient_debris;;;;1.16;netherrack;
basalt;;;;1.16;cobblestone;
netherite_block;;;;1.16;obsidian;
crimson_stem;XYZ;;;1.16;spruce_log;
stripped_crimson_stem;XYZ;;;1.16;spruce_wood;
warped_stem;XYZ;;;1.16;spruce_log;
stripped_warped_stem;XYZ;;;1.16;spruce_wood;
crimson_planks;;;;1.16;spruce_planks;
warped_planks;;;;1.16;spruce_planks;
crimson_sign;SIGN;;;1.16;spruce_sign;00
warped_sign;SIGN;;;1.16;spruce_sign;00
crimson_wall_sign;SIGN;;;1.16;spruce_wall_sign;00
warped_wall_sign;SIGN;;;1.16;spruce_wall_sign;00
crimson_slab;SLAB;;;1.16;spruce_slab;00
warped_slab;SLAB;;;1.16;spruce_slab;00
crimson_stairs;STAIRS;;;1.16;spruce_stairs;00
warped_stairs;STAIRS;;;1.16;spruce_stairs;00
crimson_fence;FENCE;;;1.16;spruce_fence;00
warped_fence;FENCE;;;1.16;spruce_fence;00
crimson_fence_gate;FENCE_GATE;;;1.16;spruce_fence_gate;00
warped_fence_gate;FENCE_GATE;;;1.16;spruce_fence_gate;00
crimson_pressure_plate;PRPLATE;;;1.16;spruce_pressure_plate;00
warped_pressure_plate;PRPLATE;;;1.16;spruce_pressure_plate;00
crimson_button;BUTTON;;;1.16;spruce_button;00
warped_button;BUTTON;;;1.16;spruce_button;00
crimson_door;DOOR;;;1.16;spruce_door;00
warped_door;DOOR;;;1.16;spruce_door;00
crimson_trapdoor;TRAPDOOR;;;1.16;spruce_trapdoor;00
warped_trapdoor;TRAPDOOR;;;1.16;spruce_trapdoor;00
crimson_fungus;;;;1.16;red_mushroom;00
warped_fungus;;;;1.16;brown_mushroom;00
crimson_nylium;;;;1.16;netherrack;
warped_nylium;;;;1.16;netherrack;
crimson_roots;;;;1.16;;00
warped_roots;;;;1.16;;00
nether_sprouts;;;;1.16;;00
weeping_vines_plant;WEVINES;;;1.16;;00
twisting_vines_plant;TWVINES;;;1.16;;00
shroomlight;;;;1.16;glowstone;
soul_fire;FIRE;;;1.16;fire;A0
soul_lantern;LANTERN;;;1.16;lantern;A0
soul_torch;TORCH;;;1.16;torch;A0
soul_wall_torch;TORCH;;;1.16;wall_torch;A0
soul_soil;;;;1.16;soul_sand;
warped_wart_block;;;;1.16;nether_wart_block;
weeping_vines;WEVINES;;;1.16;;
crying_obsidian;;;;1.16;obsidian;AF
target;;;;1.16;chiseled_stone_bricks;
crimson_hyphae;XYZ;;;1.16;spruce_wood;
stripped_crimson_hyphae;XYZ;;;1.16;stripped_spruce_wood;
warped_hyphae;XYZ;;;1.16;spruce_log;
stripped_warped_hyphae;XYZ;;;1.16;stripped_spruce_wood;
nether_gold_ore;;;;1.16;netherrack;
twisting_vines;TWVINES;;;1.16;;00
polished_basalt;;;;1.16;cobblestone;
respawn_anchor;RESPAWNER;;;1.16;obsidian;?F
lodestone;LODESTONE;;;1.16;chiseled_stone_bricks;
blackstone;;;;1.16;cobblestone;
blackstone_slab;SLAB;;;1.16;cobblestone_slab;00
blackstone_stairs;STAIRS;;;1.16;cobblestone_stairs;00
blackstone_wall;WALL;;;1.16;cobblestone_wall;00
polished_blackstone;;;;1.16;cobblestone;
polished_blackstone_slab;SLAB;;;1.16;cobblestone_slab;00
polished_blackstone_stairs;STAIRS;;;1.16;cobblestone_stairs;00
polished_blackstone_wall;WALL;;;1.16;cobblestone_wall;00
polished_blackstone_bricks;;;;1.16;stone_bricks;
polished_blackstone_brick_slab;SLAB;;;1.16;stone_brick_slab;00
polished_blackstone_brick_stairs;STAIRS;;;1.16;stone_brick_stairs;00
polished_blackstone_brick_wall;WALL;;;1.16;stone_brick_wall;00
polished_blackstone_button;BUTTON;;;1.16;stone_button;00
polished_blackstone_pressure_plate;PRPLATE;;;1.16;stone_pressure_plate;00
chiseled_nether_bricks;;;;1.16;nether_bricks;
chiseled_polished_blackstone;;;;1.16;chiseled_stone_bricks;
cracked_nether_bricks;;;;1.16;nether_bricks;
cracked_polished_blackstone_bricks;;;;1.16;cracked_stone_bricks;
gilded_blackstone;;;;1.16;cobblestone;
quartz_bricks;;;;1.16;nether_quartz_block;
soul_campfire;CAMPFIRE;;;1.16;campfire;A0
chain;XYZ;;;1.16;iron_bars;00
potted_crimson_fungus;;;;1.16;potted_red_mushroom;00
potted_warped_fungus;;;;1.16;potted_brown_mushroom;00
potted_crimson_roots;;;;1.16;potted_dead_bush;00
potted_warped_roots;;;;1.16;potted_dead_bush;00
small_amethyst_bud;AMETHYST;;;1.17;;10
medium_amethyst_bud;AMETHYST;;;1.17;;20
large_amethyst_bud;AMETHYST;;;1.17;;40
amethyst_cluster;AMETHYST;;;1.17;;50
amethyst_block;;;;1.17;cobblestone;
budding_amethyst;;;;1.17;cobblestone;
azalea;;;;1.17;oak_leaves;00
flowering_azalea;;;;1.17;oak_leaves;00
azalea_leaves;LEAVES;;;1.17;oak_leaves;01
flowering_azalea_leaves;LEAVES;;;1.17;oak_leaves;01
copper_block;;;;1.17;iron_block;
exposed_copper;;;;1.17;iron_block;
weathered_copper;;;;1.17;iron_block;
oxidized_copper;;;;1.17;iron_block;
cut_copper;;;;1.17;iron_block;
exposed_cut_copper;;;;1.17;iron_block;
weathered_cut_copper;;;;1.17;iron_block;
oxidized_cut_copper;;;;1.17;iron_block;
waxed_copper_block;;;;1.17;iron_block;
waxed_exposed_copper;;;;1.17;iron_block;
waxed_weathered_copper;;;;1.17;iron_block;
waxed_oxidized_copper;;;;1.17;iron_block;
waxed_cut_copper;;;;1.17;iron_block;
waxed_exposed_cut_copper;;;;1.17;iron_block;
waxed_weathered_cut_copper;;;;1.17;iron_block;
waxed_oxidized_cut_copper;;;;1.17;iron_block;
cut_copper_stairs;STAIRS;;;1.17;stone_brick_stairs;00
exposed_cut_copper_stairs;STAIRS;;;1.17;stone_brick_stairs;00
weathered_cut_copper_stairs;STAIRS;;;1.17;stone_brick_stairs;00
oxidized_cut_copper_stairs;STAIRS;;;1.17;stone_brick_stairs;00
waxed_cut_copper_stairs;STAIRS;;;1.17;stone_brick_stairs;00
waxed_exposed_cut_copper_stairs;STAIRS;;;1.17;stone_brick_stairs;00
waxed_weathered_cut_copper_stairs;STAIRS;;;1.17;stone_brick_stairs;00
waxed_oxidized_cut_copper_stairs;STAIRS;;;1.17;stone_brick_stairs;00
cut_copper_slab;SLAB;;;1.17;smooth_stone_slab;00
exposed_cut_copper_slab;SLAB;;;1.17;smooth_stone_slab;00
weathered_cut_copper_slab;SLAB;;;1.17;smooth_stone_slab;00
oxidized_cut_copper_slab;SLAB;;;1.17;smooth_stone_slab;00
waxed_cut_copper_slab;SLAB;;;1.17;smooth_stone_slab;00
waxed_exposed_cut_copper_slab;SLAB;;;1.17;smooth_stone_slab;00
waxed_weathered_cut_copper_slab;SLAB;;;1.17;smooth_stone_slab;00
waxed_oxidized_cut_copper_slab;SLAB;;;1.17;smooth_stone_slab;00
calcite;;;;1.17;andesite;
candle;CANDLE;;;1.17;torch;?0
white_candle;CANDLE;;;1.17;torch;?0
orange_candle;CANDLE;;;1.17;torch;?0
magenta_candle;CANDLE;;;1.17;torch;?0
light_blue_candle;CANDLE;;;1.17;torch;?0
yellow_candle;CANDLE;;;1.17;torch;?0
lime_candle;CANDLE;;;1.17;torch;?0
pink_candle;CANDLE;;;1.17;torch;?0
gray_candle;CANDLE;;;1.17;torch;?0
light_gray_candle;CANDLE;;;1.17;torch;?0
cyan_candle;CANDLE;;;1.17;torch;?0
purple_candle;CANDLE;;;1.17;torch;?0
blue_candle;CANDLE;;;1.17;torch;?0
brown_candle;CANDLE;;;1.17;torch;?0
green_candle;CANDLE;;;1.17;torch;?0
red_candle;CANDLE;;;1.17;torch;?0
black_candle;CANDLE;;;1.17;torch;?0
candle_cake;CAKE_CANDLE;;;1.17;cake;?0
white_candle_cake;CAKE_CANDLE;;;1.17;cake;?0
orange_candle_cake;CAKE_CANDLE;;;1.17;cake;?0
magenta_candle_cake;CAKE_CANDLE;;;1.17;cake;?0
light_blue_candle_cake;CAKE_CANDLE;;;1.17;cake;?0
yellow_candle_cake;CAKE_CANDLE;;;1.17;cake;?0
lime_candle_cake;CAKE_CANDLE;;;1.17;cake;?0
pink_candle_cake;CAKE_CANDLE;;;1.17;cake;?0
gray_candle_cake;CAKE_CANDLE;;;1.17;cake;?0
light_gray_candle_cake;CAKE_CANDLE;;;1.17;cake;?0
cyan_candle_cake;CAKE_CANDLE;;;1.17;cake;?0
purple_candle_cake;CAKE_CANDLE;;;1.17;cake;?0
blue_candle_cake;CAKE_CANDLE;;;1.17;cake;?0
brown_candle_cake;CAKE_CANDLE;;;1.17;cake;?0
green_candle_cake;CAKE_CANDLE;;;1.17;cake;?0
red_candle_cake;CAKE_CANDLE;;;1.17;cake;?0
black_candle_cake;CAKE_CANDLE;;;1.17;cake;?0
cave_vines;CVINES;;;1.17;;?0
cave_vines_plant;CVINES;;;1.17;;?0
deepslate;XYZ;;;1.17;stone;
cobbled_deepslate;;;;1.17;cobblestone;
cobbled_deepslate_slab;SLAB;;;1.17;cobblestone_slab;00
cobbled_deepslate_stairs;STAIRS;;;1.17;cobblestone_stairs;00
cobbled_deepslate_wall;WALL;;;1.17;cobblestone_wall;00
polished_deepslate;;;;1.17;smooth_stone;
polished_deepslate_slab;SLAB;;;1.17;smooth_stone_slab;00
polished_deepslate_stairs;STAIRS;;;1.17;polished_andesite_stairs;00
polished_deepslate_wall;WALL;;;1.17;andesite_wall;00
deepslate_bricks;;;;1.17;stone_bricks;
cracked_deepslate_bricks;;;;1.17;cracked_stone_bricks;
deepslate_brick_slab;SLAB;;;1.17;stone_brick_slab;00
deepslate_brick_stairs;STAIRS;;;1.17;stone_brick_stairs;00
deepslate_brick_wall;WALL;;;1.17;stone_brick_wall;00
deepslate_tiles;;;;1.17;stone_bricks;
cracked_deepslate_tiles;;;;1.17;cracked_stone_bricks;
deepslate_tile_slab;SLAB;;;1.17;stone_brick_slab;00
deepslate_tile_stairs;STAIRS;;;1.17;stone_brick_stairs;00
deepslate_tile_wall;WALL;;;1.17;stone_brick_wall;00
chiseled_deepslate;;;;1.17;chiseled_stone_bricks;
small_dripleaf;;;;1.17;tall_grass;00
big_dripleaf;DRIPLEAF;;;1.17;;00
big_dripleaf_stem;;;;1.17;;00
dripstone_block;;;;1.17;;00
glow_lichen;LICHEN;;;1.17;;70
hanging_roots;;;;1.17;;00
infested_deepslate;;;;1.17;stone;
light;LIGHT;;;1.17;;?0
lightning_rod;LIGHTNINGROD;;;1.17;chain;00
moss_block;;;;1.17;grass_block;
moss_carpet;;;;1.17;;00
pointed_dripstone;DRIPSTONE;;;1.17;;00
potted_azalea_bush;;;;1.17;potted_oak_sapling;00
potted_flowering_azalea_bush;;;;1.17;potted_oak_sapling;00
powder_snow;;;;1.17;snow_block;
powder_snow_cauldron;;;;1.17;cauldron;
rooted_dirt;;;;1.17;coarse_dirt;
sculk_sensor;SCULKSENSOR;;;1.17;smooth_stone_slab;10
smooth_basalt;;;;1.17;basalt;
spore_blossom;;;;1.17;;
tinted_glass;;;;1.17;black_stained_glass;
tuff;;;;1.17;andesite;
copper_ore;;;;1.17;stone;
raw_iron_block;;;;1.17;iron_block;
raw_gold_block;;;;1.17;gold_block;
raw_copper_block;;;;1.17;iron_block;
deepslate_coal_ore;;;;1.17;coal_ore;
deepslate_iron_ore;;;;1.17;iron_ore;
deepslate_gold_ore;;;;1.17;gold_ore;
deepslate_diamond_ore;;;;1.17;diamond_ore;
deepslate_lapis_ore;;;;1.17;lapis_ore;
deepslate_redstone_ore;;;;1.17;redstone_ore;
deepslate_emerald_ore;;;;1.17;emerald_ore;
deepslate_copper_ore;;;;1.17;stone;
water_cauldron;;;;1.17;cauldron;00
lava_cauldron;;;;1.17;cauldron;F0
pearlescent_froglight;;;;1.19;shroomlight;F0
verdant_froglight;;;;1.19;shroomlight;F0
ochre_froglight;;;;1.19;shroomlight;F0
frogspawn;;;;1.19;;00
mangrove_leaves;LEAVES;;;1.19;jungle_leaves;01
mangrove_log;XYZ;;;1.19;jungle_log;
stripped_mangrove_log;XYZ;;;1.19;stripped_mangrove_log;
mangrove_planks;;;;1.19;spruce_planks;
mangrove_slab;SLAB;;;1.19;spruce_slab;00
mangrove_stairs;STAIRS;;;1.19;spruce_stairs;00
mangrove_fence;FENCE;;;1.19;spruce_fence;00
mangrove_fence_gate;FENCE_GATE;;;1.19;spruce_fence_gate;00
mangrove_pressure_plate;PRPLATE;;;1.19;spruce_pressure_plate;00
mangrove_sign;SIGN;;;1.19;spruce_sign;00
mangrove_wall_sign;SIGN;;;1.19;spruce_wall_sign;00
mangrove_button;BUTTON;;;1.19;spruce_button;00
mangrove_door;DOOR;;;1.19;spruce_door;00
mangrove_trapdoor;TRAPDOOR;;;1.19;oak_trapdoor;00
mangrove_propagule;;;;1.19;jungle_sapling;00
potted_mangrove_propagule;;;;1.19;potted_bamboo;00
mangrove_roots;;;;1.19;jungle_wood;00
mangrove_wood;XYZ;;;1.19;jungle_wood;
stripped_mangrove_wood;XYZ;;;1.19;stripped_jungle_wood;
mud;;;;1.19;dirt;
mud_bricks;;;;1.19;sandstone;
mud_brick_slab;SLAB;;;1.19;sandstone_slab;
mud_brick_stairs;STAIRS;;;1.19;sandstone_stairs;
mud_brick_wall;WALL;;;1.19;sandstone_wall;
muddy_mangrove_roots;;;;1.19;jungle_wood;
packed_mud;;;;1.19;coarse_dirt;
reinforced_deepslate;;;;1.19;deepslate_bricks;
sculk;?;;;1.19;black_concrete;
sculk_catalyst;?;;;1.19;black_concrete;6F
sculk_shrieker;?;;;1.19;;00
sculk_vein;?;;;1.19;;00
chiseled_bookshelf;;;;1.19.3;bookshelf;
oak_hanging_sign;;;;1.19.3;oak_sign;00
spruce_hanging_sign;;;;1.19.3;spruce_sign;00
birch_hanging_sign;;;;1.19.3;birch_sign;00
jungle_hanging_sign;;;;1.19.3;jungle_sign;00
acacia_hanging_sign;;;;1.19.3;acacia_sign;00
dark_oak_hanging_sign;;;;1.19.3;dark_oak_sign;00
mangrove_hanging_sign;;;;1.19.3;mangrove_sign;00
bamboo_hanging_sign;;;;1.19.3;bamboo_sign;00
crimson_hanging_sign;;;;1.19.3;crimson_sign;00
warped_hanging_sign;;;;1.19.3;warped_sign;00
oak_wall_hanging_sign;;;;1.19.3;oak_wall_sign;00
spruce_wall_hanging_sign;;;;1.19.3;spruce_wall_sign;00
birch_wall_hanging_sign;;;;1.19.3;birch_wall_sign;00
jungle_wall_hanging_sign;;;;1.19.3;jungle_wall_sign;00
acacia_wall_hanging_sign;;;;1.19.3;acacia_wall_sign;00
dark_oak_wall_hanging_sign;;;;1.19.3;dark_oak_wall_sign;00
mangrove_wall_hanging_sign;;;;1.19.3;mangrove_wall_sign;00
bamboo_wall_hanging_sign;;;;1.19.3;bamboo_wall_sign;00
crimson_wall_hanging_sign;;;;1.19.3;crimson_wall_sign;00
warped_wall_hanging_sign;;;;1.19.3;warped_wall_sign;00
bamboo_planks;;;;1.19.3;jungle_planks;
bamboo_pressure_plate;PRPLATE;;;1.19.3;jungle_pressure_plate;00
bamboo_button;BUTTON;;;1.19.3;jungle_button;00
bamboo_fence;FENCE;;;1.19.3;jungle_fence;00
bamboo_fence_gate;FENCE_GATE;;;1.19.3;jungle_fence_gate;00
bamboo_slab;SLAB;;;1.19.3;jungle_slab;
bamboo_stairs;STAIRS;;;1.19.3;jungle_stairs;
bamboo_sign;SIGN;;;1.19.3;jungle_sign;00
bamboo_wall_sign;SIGN;;;1.19.3;jungle_wall_sign;00
bamboo_door;DOOR;;;1.19.3;jungle_door;00
bamboo_trapdoor;TRAPDOOR;;;1.19.3;jungle_trapdoor;00
bamboo_mosaic;;;;1.19.3;jungle_planks;
bamboo_mosaic_slab;SLAB;;;1.19.3;jungle_slab;
bamboo_mosaic_stairs;STAIRS;;;1.19.3;jungle_stairs;
bamboo_block;;;;1.19.3;jungle_log;
stripped_bamboo_block;;;;1.19.3;stripped_jungle_log;
piglin_head;;;;1.19.3;zombie_head;
cherry_log;XYZ;;;1.19.4;oak_log;
cherry_wood;XYZ;;;1.19.4;oak_wood;
striped_cherry_log;XYZ;;;1.19.4;stripped_oak_log;
striped_cherry_wood;XYZ;;;1.19.4;stripped_oak_wood;
cherry_planks;;;;1.19.4;oak_planks;
cherry_pressure_plate;PRPLATE;;;1.19.4;oak_pressure_plate;
cherry_button;BUTTON;;;1.19.4;oak_button;
cherry_fence;FENCE;;;1.19.4;oak_fence;
cherry_fence_gate;FENCE_GATE;;;1.19.4;oak_fence_gate;
cherry_slab;SLAB;;;1.19.4;oak_slab;
cherry_stairs;STAIRS;;;1.19.4;oak_stairs;
cherry_sign;SIGN;;;1.19.4;oak_sign;00
cherry_wall_sign;SIGN;;;1.19.4;oak_wall_sign;00
cherry_hanging_sign;;;;1.19.4;cherry_sign;00
cherry_wall_hanging_sign;;;;1.19.4;cherry_wall_sign;00
cherry_door;DOOR;;;1.19.4;oak_door;00
cherry_trapdoor;TRAPDOOR;;;1.19.4;oak_trapdoor;00
cherry_sapling;;;;1.19.4;oak_sapling;00
cherry_leaves;LEAVES;;;1.19.4;oak_leaves;01
decorated_pot;POT;;;1.19.4;flower_pot;00
pink_petals;;;;1.19.4;;00
suspicious_sand;;;;1.19.4;sand;
torchflower;;;;1.19.4;dandelion;00
torchflower_crop;;;;1.19.4;;00
suspicious_gravel;;;;1.20;gravel;
calibrated_sculk_sensor;SCULKSENSOR;;;1.20;sculk_sensor;00
sniffer_eggs;;;;1.20;;00
pitcher_plant;;;;1.20;peony;00
pitcher_crop;;;;1.20;;00
crafter;CRAFTER;;;1.20;crafting_table;
chiseled_copper;;;;1.20;cut_copper;
exposed_chiseled_copper;;;;1.20;exposed_cut_copper;
weathered_chiseled_copper;;;;1.20;weathered_cut_copper;
oxidized_chiseled_copper;;;;1.20;oxidized_cut_copper;
waxed_chiseled_copper;;;;1.20;waxed_cut_copper;
waxed_exposed_chiseled_copper;;;;1.20;waxed_exposed_cut_copper;
waxed_weathered_chiseled_copper;;;;1.20;waxed_weathered_cut_copper;
waxed_oxidized_chiseled_copper;;;;1.20;waxed_oxidized_cut_copper;
copper_bulb;COPPERBULB;;;1.20;cut_copper;
exposed_copper_bulb;COPPERBULB;;;1.20;exposed_cut_copper;
weathered_copper_bulb;COPPERBULB;;;1.20;weathered_cut_copper;
oxidized_copper_bulb;COPPERBULB;;;1.20;oxidized_cut_copper;
waxed_copper_bulb;COPPERBULB;;;1.20;waxed_cut_copper;
waxed_exposed_copper_bulb;COPPERBULB;;;1.20;waxed_exposed_cut_copper;
waxed_weathered_copper_bulb;COPPERBULB;;;1.20;waxed_weathered_cut_copper;
waxed_oxidized_copper_bulb;COPPERBULB;;;1.20;waxed_oxidized_cut_copper;
copper_door;DOOR;;;1.20;iron_door;00
exposed_copper_door;DOOR;;;1.20;iron_door;00
weathered_copper_door;DOOR;;;1.20;iron_door;00
oxidized_copper_door;DOOR;;;1.20;iron_door;00
waxed_copper_door;DOOR;;;1.20;iron_door;00
waxed_exposed_copper_door;DOOR;;;1.20;iron_door;00
waxed_weathered_copper_door;DOOR;;;1.20;iron_door;00
waxed_oxidized_copper_door;DOOR;;;1.20;iron_door;00
copper_trapdoor;TRAPDOOR;;;1.20;iron_trapdoor;00
exposed_copper_trapdoor;TRAPDOOR;;;1.20;iron_trapdoor;00
weathered_copper_trapdoor;TRAPDOOR;;;1.20;iron_trapdoor;00
oxidized_copper_trapdoor;TRAPDOOR;;;1.20;iron_trapdoor;00
waxed_copper_trapdoor;TRAPDOOR;;;1.20;iron_trapdoor;00
waxed_exposed_copper_trapdoor;TRAPDOOR;;;1.20;iron_trapdoor;00
waxed_weathered_copper_trapdoor;TRAPDOOR;;;1.20;iron_trapdoor;00
waxed_oxidized_copper_trapdoor;TRAPDOOR;;;1.20;iron_trapdoor;00
copper_grate;;;;1.20;glass;00
exposed_copper_grate;;;;1.20;glass;00
weathered_copper_grate;;;;1.20;glass;00
oxidized_copper_grate;;;;1.20;glass;00
waxed_copper_grate;;;;1.20;glass;00
waxed_exposed_copper_grate;;;;1.20;glass;00
waxed_weathered_copper_grate;;;;1.20;glass;00
waxed_oxidized_copper_grate;;;;1.20;glass;00
tuff_slab;SLAB;;;1.20;andesite_slab;
tuff_stairs;STAIRS;;;1.20;andesite_stairs;
tuff_wall;WALL;;;1.20;andesite_wall;
polished_tuff;;;;1.20;polished_andesite;
polished_tuff_slab;SLAB;;;1.20;polished_andesite_slab;
polished_tuff_stairs;STAIRS;;;1.20;polished_andesite_stairs;
polished_tuff_wall;WALL;;;1.20;andesite_wall;
tuff_bricks;;;;1.20;stone_bricks;
tuff_brick_slab;SLAB;;;1.20;stone_brick_slab;
tuff_brick_stairs;STAIRS;;;1.20;stone_brick_stairs;
tuff_brick_wall;WALL;;;1.20;stone_brick_wall;
chiseled_tuff;;;;1.20;chiseled_stone_bricks;
chiseled_tuff_bricks;;;;1.20;chiseled_stone_bricks;
trial_spawner;;;;1.20;spawner;
vault;;;;1.20;end_portal_frame;