N;ID;R,G,B,(A);Blocks
0;cherry_planks;226,178,172,255;cherry_planks,cherry_sign,cherry_slab,cherry_wall_sign,cherry_button,cherry_stairs,cherry_wall_hanging_sign,cherry_hanging_sign,cherry_fence_gate,cherry_fence
1;light_gray_banner;78,64,38,255;light_gray_banner
2;diamond_ore;121,141,140,255;diamond_ore
3;birch_planks;192,175,121,255;birch_planks,birch_wall_sign,birch_stairs,birch_wall_hanging_sign,birch_fence_gate,birch_pressure_plate,birch_button,birch_fence,birch_sign,birch_hanging_sign
4;lightning_rod;196,111,83,255;lightning_rod,waxed_lightning_rod
5;red_mushroom_block;200,46,45,255;red_mushroom_block
6;oxidized_cut_copper;79,153,126,255;oxidized_cut_copper,oxidized_cut_copper_slab,waxed_oxidized_cut_copper_slab,waxed_oxidized_cut_copper,waxed_oxidized_cut_copper_stairs
7;pink_terracotta;161,78,78,255;pink_terracotta
8;dead_brain_coral;133,125,120,255;dead_brain_coral
9;blue_candle;57,76,161,255;blue_candle
10;sea_lantern;172,199,190,255;sea_lantern
11;potted_dark_oak_sapling;0,67,0,255;potted_dark_oak_sapling
12;light_gray_terracotta;135,106,97,255;light_gray_terracotta
13;cyan_terracotta;86,91,91,255;cyan_terracotta
14;cut_copper;191,106,80,255;cut_copper,waxed_cut_copper_slab,waxed_cut_copper_stairs,cut_copper_stairs,waxed_cut_copper
15;brown_concrete_powder;125,84,53,255;brown_concrete_powder
16;bamboo;0,67,0,255;bamboo,bamboo_wall_sign,bamboo_slab,bamboo_sign,bamboo_wall_hanging_sign,bamboo_fence,bamboo_hanging_sign,bamboo_stairs,bamboo_pressure_plate,bamboo_fence_gate
17;white_shulker_box;215,220,221,255;white_shulker_box
18;repeater;160,157,156,255;repeater
19;dark_oak_wood;55,41,26,255;dark_oak_wood
20;pink_tulip;99,157,78,255;pink_tulip
21;prismarine;99,156,151,255;prismarine,prismarine_stairs,prismarine_slab
22;gray_banner;78,64,38,255;gray_banner
23;cyan_candle;17,123,123,255;cyan_candle
24;polished_blackstone_brick;220,0,220,255;polished_blackstone_brick,polished_blackstone_brick_wall,polished_blackstone_brick_slab
25;dark_oak_planks;66,43,20,255;dark_oak_planks,dark_oak_fence,dark_oak_pressure_plate,dark_oak_wall_sign,dark_oak_sign,dark_oak_stairs,dark_oak_hanging_sign,dark_oak_fence_gate,dark_oak_button,dark_oak_wall_hanging_sign
26;glass_pane;170,210,217,255;glass_pane
27;magenta_banner;78,64,38,255;magenta_banner
28;orange_tulip;93,142,30,255;orange_tulip
29;magenta_stained_glass_pane;170,72,207,255;magenta_stained_glass_pane
30;stripped_birch_wood;135,128,88,255;stripped_birch_wood
31;cracked_deepslate_bricks;64,64,65,255;cracked_deepslate_bricks
32;cherry_log;54,33,44,255;cherry_log
33;stripped_dark_oak_log;72,56,36,255;stripped_dark_oak_log
34;orange_wall_banner;78,64,38,255;orange_wall_banner
35;brown_shulker_box;106,66,35,255;brown_shulker_box
36;brick;220,0,220,255;brick,brick_wall,brick_stairs
37;bamboo_mosaic;190,170,78,255;bamboo_mosaic,bamboo_mosaic_stairs
38;daylight_detector;130,116,94,255;daylight_detector
39;spruce_trapdoor;103,79,47,255;spruce_trapdoor
40;stripped_crimson_stem;137,57,90,255;stripped_crimson_stem
41;redstone_lamp;95,54,30,255;redstone_lamp
42;exposed_copper_bars;134,107,89,255;exposed_copper_bars
43;resin_brick;220,0,220,255;resin_brick,resin_brick_wall,resin_brick_stairs
44;blue_shulker_box;43,45,140,255;blue_shulker_box
45;rose_bush;131,66,37,255;rose_bush
46;blackstone;42,35,40,255;blackstone,blackstone_stairs,blackstone_slab
47;cobbled_deepslate;77,77,80,255;cobbled_deepslate,cobbled_deepslate_stairs,cobbled_deepslate_wall
48;stone_brick;220,0,220,255;stone_brick,stone_brick_stairs,stone_brick_wall
49;stripped_oak_wood;78,64,38,255;stripped_oak_wood
50;light_blue_stained_glass_pane;96,146,207,255;light_blue_stained_glass_pane
51;chorus_plant;93,57,93,255;chorus_plant
52;oxidized_copper_bulb;70,132,109,255;oxidized_copper_bulb
53;cherry_sapling;164,117,143,255;cherry_sapling
54;lime_shulker_box;99,172,23,255;lime_shulker_box
55;comparator;166,161,159,255;comparator
56;crimson_planks;101,48,70,255;crimson_planks,crimson_slab,crimson_fence,crimson_wall_sign,crimson_pressure_plate,crimson_wall_hanging_sign,crimson_button,crimson_hanging_sign,crimson_sign,crimson_stairs
57;horn_coral;209,186,62,255;horn_coral
58;water_cauldron;60,60,60,255;water_cauldron
59;peony;129,126,139,255;peony
60;red_candle;153,38,36,255;red_candle
61;white_terracotta;209,178,161,255;white_terracotta
62;black_shulker_box;25,25,29,255;black_shulker_box
63;cyan_concrete_powder;36,147,157,255;cyan_concrete_powder
64;spore_blossom;206,96,158,255;spore_blossom
65;purpur;220,0,220,255;purpur,purpur_slab
66;jungle_planks;160,115,80,255;jungle_planks,jungle_pressure_plate,jungle_sign,jungle_wall_sign,jungle_wall_hanging_sign,jungle_stairs,jungle_fence_gate,jungle_hanging_sign,jungle_slab,jungle_fence,jungle_button
67;yellow_candle;209,164,50,255;yellow_candle
68;bubble_coral;161,23,159,255;bubble_coral
69;tube_coral;47,83,197,255;tube_coral
70;copper_block;192,107,79,255;copper_block
71;polished_andesite;132,134,133,255;polished_andesite,polished_andesite_slab
72;decorated_pot;77,31,24,255;decorated_pot
73;nether_wart_block;114,2,2,255;nether_wart_block
74;target;226,170,157,255;target
75;bubble_coral_block;165,26,162,255;bubble_coral_block
76;oxidized_copper_bars;64,122,100,255;oxidized_copper_bars
77;polished_diorite;192,193,194,255;polished_diorite,polished_diorite_slab
78;nether_bricks;44,21,26,255;nether_bricks
79;gilded_blackstone;55,42,38,255;gilded_blackstone
80;reinforced_deepslate;80,82,78,255;reinforced_deepslate
81;flowering_azalea_leaves;99,111,60,255;flowering_azalea_leaves
82;brown_banner;78,64,38,255;brown_banner
83;closed_eyeblossom;108,98,101,255;closed_eyeblossom
84;copper_door;192,109,82,255;copper_door
85;pink_petals;246,180,218,255;pink_petals
86;pale_oak_planks;227,217,216,255;pale_oak_planks,pale_oak_hanging_sign,pale_oak_sign,pale_oak_wall_hanging_sign,pale_oak_button,pale_oak_slab,pale_oak_wall_sign,pale_oak_fence_gate,pale_oak_fence,pale_oak_stairs
87;tnt;142,62,53,255;tnt
88;chiseled_tuff;89,94,86,255;chiseled_tuff
89;sugar_cane;148,192,101,255;sugar_cane
90;stripped_pale_oak_log;245,238,236,255;stripped_pale_oak_log
91;packed_mud;142,106,79,255;packed_mud
92;verdant_froglight;229,244,228,255;verdant_froglight
93;acacia_leaves;15,110,0,255;acacia_leaves
94;cave_vines;90,109,40,255;cave_vines
95;red_tulip;89,128,32,255;red_tulip
96;red_wool;160,39,34,255;red_wool
97;green_concrete;73,91,36,255;green_concrete
98;smooth_basalt;72,72,78,255;smooth_basalt
99;stone;125,125,125,255;stone,stone_stairs,stone_button,stone_slab
100;polished_blackstone;53,48,56,255;polished_blackstone,polished_blackstone_stairs,polished_blackstone_button,polished_blackstone_wall,polished_blackstone_pressure_plate
101;potted_crimson_fungus;60,0,0,255;potted_crimson_fungus
102;snow_block;140,140,140,255;snow_block
103;green_wool;84,109,27,255;green_wool
104;mangrove_planks;117,54,48,255;mangrove_planks,mangrove_hanging_sign,mangrove_fence_gate,mangrove_wall_hanging_sign,mangrove_slab,mangrove_pressure_plate,mangrove_stairs,mangrove_fence,mangrove_sign,mangrove_button
105;light_gray_glazed_terracotta;144,166,167,255;light_gray_glazed_terracotta
106;sunflower;49,129,27,255;sunflower
107;exposed_copper_trapdoor;161,125,104,255;exposed_copper_trapdoor,waxed_exposed_copper_trapdoor
108;acacia_log;103,96,86,255;acacia_log
109;nether_brick;220,0,220,255;nether_brick,nether_brick_slab,nether_brick_fence,nether_brick_wall
110;hay_block;165,139,12,255;hay_block
111;acacia_wood;60,60,60,255;acacia_wood
112;brain_coral_block;207,91,159,255;brain_coral_block
113;bamboo_planks;193,173,80,255;bamboo_planks
114;warped_planks;43,104,99,255;warped_planks,warped_pressure_plate,warped_wall_hanging_sign,warped_slab,warped_sign,warped_stairs,warped_wall_sign,warped_hanging_sign,warped_fence_gate,warped_fence
115;petrified_oak;220,0,220,255;petrified_oak
116;blue_carpet;26,41,97,255;blue_carpet
117;brown_stained_glass_pane;96,72,47,255;brown_stained_glass_pane
118;exposed_copper_bulb;135,107,89,255;exposed_copper_bulb
119;mud_brick;220,0,220,255;mud_brick,mud_brick_stairs,mud_brick_slab
120;attached_pumpkin_stem;139,139,139,255;attached_pumpkin_stem
121;spruce_planks;114,84,48,255;spruce_planks,spruce_hanging_sign,spruce_fence,spruce_sign,spruce_stairs,spruce_fence_gate,spruce_wall_sign,spruce_button,spruce_pressure_plate,spruce_wall_hanging_sign
122;sticky_piston;60,60,60,255;sticky_piston
123;chiseled_copper;184,100,73,255;chiseled_copper
124;birch_leaves;65,84,43,255;birch_leaves
125;brown_glazed_terracotta;119,106,85,255;brown_glazed_terracotta
126;potted_crimson_roots;60,0,0,255;potted_crimson_roots
127;potted_azalea_bush;100,122,47,255;potted_azalea_bush
128;mud_bricks;137,103,79,255;mud_bricks
129;frogspawn;105,90,81,255;frogspawn
130;warped_wart_block;22,119,121,255;warped_wart_block
131;dead_tube_coral_fan;128,122,118,255;dead_tube_coral_fan
132;brown_mushroom;153,116,92,255;brown_mushroom
133;rail;125,111,88,255;rail
134;redstone_ore;140,109,109,255;redstone_ore
135;potted_flowering_azalea_bush;114,119,70,255;potted_flowering_azalea_bush
136;magenta_concrete;169,48,159,255;magenta_concrete
137;chiseled_red_sandstone;183,96,27,255;chiseled_red_sandstone
138;warped_stem;58,58,77,255;warped_stem
139;gray_bed;41,41,41,255;gray_bed
140;black_candle;38,36,57,255;black_candle
141;deepslate_brick;220,0,220,255;deepslate_brick,deepslate_brick_slab,deepslate_brick_wall
142;light_gray_concrete;125,125,115,255;light_gray_concrete
143;oak_trapdoor;124,99,56,255;oak_trapdoor
144;weathered_lightning_rod;97,142,105,255;weathered_lightning_rod,waxed_weathered_lightning_rod
145;brown_candle;111,70,41,255;brown_candle
146;bubble_column;34,34,140,255;bubble_column
147;weathered_cut_copper;109,145,107,255;weathered_cut_copper,weathered_cut_copper_stairs,waxed_weathered_cut_copper,weathered_cut_copper_slab,waxed_weathered_cut_copper_stairs
148;cut_sandstone;217,206,159,255;cut_sandstone,cut_sandstone_slab
149;oxidized_chiseled_copper;83,161,132,255;oxidized_chiseled_copper,waxed_oxidized_chiseled_copper
150;dead_tube_coral;118,111,107,255;dead_tube_coral
151;tuff_brick;220,0,220,255;tuff_brick,tuff_brick_slab,tuff_brick_wall
152;polished_tuff;97,104,99,255;polished_tuff,polished_tuff_stairs,polished_tuff_wall
153;dead_fire_coral_wall_fan;41,41,41,255;dead_fire_coral_wall_fan
154;pointed_dripstone;41,26,18,255;pointed_dripstone
155;brown_terracotta;77,51,35,255;brown_terracotta
156;smooth_sandstone;135,128,88,255;smooth_sandstone,smooth_sandstone_stairs
157;wither_skeleton_skull;12,12,12,255;wither_skeleton_skull
158;oak_shelf;144,115,67,255;oak_shelf
159;stripped_birch_log;196,176,118,255;stripped_birch_log
160;purple_concrete;100,31,156,255;purple_concrete
161;sculk_shrieker;198,205,169,255;sculk_shrieker
162;cyan_bed;41,69,83,255;cyan_bed
163;white_stained_glass_pane;245,245,245,255;white_stained_glass_pane
164;large_fern;34,100,25,255;large_fern
165;pale_oak_sapling;109,105,99,255;pale_oak_sapling
166;pink_banner;78,64,38,255;pink_banner
167;green_glazed_terracotta;117,142,67,255;green_glazed_terracotta
168;brain_coral;197,84,152,255;brain_coral
169;cyan_wool;21,137,145,255;cyan_wool
170;potted_acacia_sapling;0,67,0,255;potted_acacia_sapling
171;torch;138,113,63,255;torch
172;tube_coral_fan;50,91,208,255;tube_coral_fan
173;jigsaw_block;140,0,140,255;jigsaw_block
174;carrots;0,67,0,255;carrots
175;potted_lily_of_the_valley;0,67,0,255;potted_lily_of_the_valley
176;magenta_shulker_box;173,54,163,255;magenta_shulker_box
177;bamboo_block;127,144,57,255;bamboo_block
178;copper_chain;151,79,54,255;copper_chain
179;lime_glazed_terracotta;162,197,55,255;lime_glazed_terracotta
180;deepslate_tile;220,0,220,255;deepslate_tile,deepslate_tile_wall,deepslate_tile_slab
181;weathered_copper_lantern;95,133,99,255;weathered_copper_lantern,waxed_weathered_copper_lantern
182;deepslate_iron_ore;106,99,94,255;deepslate_iron_ore
183;blue_banner;78,64,38,255;blue_banner
184;structure_block;88,74,90,255;structure_block
185;deepslate_bricks;70,70,71,255;deepslate_bricks
186;yellow_stained_glass_pane;220,220,47,255;yellow_stained_glass_pane
187;resin_clump;223,111,27,255;resin_clump
188;mushroom_stem;203,196,185,255;mushroom_stem
189;gray_candle;80,94,96,255;gray_candle
190;oxidized_copper_lantern;78,138,111,255;oxidized_copper_lantern
191;red_shulker_box;140,31,30,255;red_shulker_box
192;exposed_copper_door;164,123,106,255;exposed_copper_door
193;nether_wart;83,26,26,255;nether_wart
194;weathered_copper_trapdoor;108,153,110,255;weathered_copper_trapdoor,waxed_weathered_copper_trapdoor
195;bubble_coral_fan;160,32,159,255;bubble_coral_fan
196;gray_stained_glass;75,75,75,255;gray_stained_glass
197;sweet_berry_bush;0,67,0,255;sweet_berry_bush
198;red_candle_cake;108,108,108,255;red_candle_cake
199;bush;119,120,119,255;bush
200;structure_void;140,0,0,255;structure_void
201;stripped_oak_log;177,144,86,255;stripped_oak_log
202;green_stained_glass_pane;96,121,47,255;green_stained_glass_pane
203;exposed_chiseled_copper;154,119,100,255;exposed_chiseled_copper
204;lilac;154,125,147,255;lilac
205;potted_pink_tulip;0,67,0,255;potted_pink_tulip
206;smooth_red_sandstone;119,69,26,255;smooth_red_sandstone,smooth_red_sandstone_slab,smooth_red_sandstone_stairs
207;command_block;177,133,107,255;command_block
208;stripped_jungle_log;171,132,84,255;stripped_jungle_log
209;black_wool;20,21,25,255;black_wool
210;blue_ice;116,167,253,255;blue_ice
211;light_blue_glazed_terracotta;94,164,208,255;light_blue_glazed_terracotta
212;potted_red_mushroom;83,26,26,255;potted_red_mushroom
213;brown_wool;114,71,40,255;brown_wool
214;mangrove_leaves;13,95,0,255;mangrove_leaves
215;sand;219,207,163,255;sand
216;gray_terracotta;57,42,35,255;gray_terracotta
217;cracked_nether_bricks;40,20,23,255;cracked_nether_bricks
218;spruce_wood;69,46,26,255;spruce_wood
219;water;34,34,140,255;water
220;oxidized_lightning_rod;79,154,127,255;oxidized_lightning_rod,waxed_oxidized_lightning_rod
221;chiseled_nether_bricks;45,22,27,255;chiseled_nether_bricks
222;magenta_stained_glass;175,75,214,255;magenta_stained_glass
223;dark_oak_trapdoor;75,49,23,255;dark_oak_trapdoor
224;pink_stained_glass_pane;231,121,158,255;pink_stained_glass_pane
225;soul_fire;51,192,197,255;soul_fire
226;warped_nylium;43,114,101,255;warped_nylium
227;wither_rose;41,44,23,255;wither_rose
228;fire;211,140,53,255;fire
229;weathered_copper_bars;84,123,94,255;weathered_copper_bars,waxed_weathered_copper_bars
230;pearlescent_froglight;245,240,239,255;pearlescent_froglight
231;pink_concrete_powder;228,153,181,255;pink_concrete_powder
232;short_grass;40,116,29,255;short_grass
233;brown_concrete;96,59,31,255;brown_concrete
234;powered_rail;137,109,74,255;powered_rail
235;magenta_glazed_terracotta;208,100,191,255;magenta_glazed_terracotta
236;purple_wall_banner;78,64,38,255;purple_wall_banner
237;red_stained_glass;150,50,50,255;red_stained_glass
238;candle_cake;108,108,108,255;candle_cake
239;oxidized_copper;82,162,132,255;oxidized_copper,waxed_oxidized_copper
240;cyan_glazed_terracotta;52,118,125,255;cyan_glazed_terracotta
241;orange_stained_glass_pane;207,121,47,255;orange_stained_glass_pane
242;barrel;134,100,58,255;barrel
243;purpur_block;169,125,169,255;purpur_block
244;nether_portal;88,10,191,255;nether_portal
245;purple_candle_cake;108,108,108,255;purple_candle_cake
246;bubble_coral_wall_fan;69,33,97,255;bubble_coral_wall_fan
247;piston;153,127,85,255;piston
248;dead_bubble_coral_block;131,123,119,255;dead_bubble_coral_block
249;warped_door;44,126,120,255;warped_door
250;dark_oak_sapling;61,90,30,255;dark_oak_sapling
251;dripstone_block;134,107,92,255;dripstone_block
252;fire_coral_fan;158,34,45,255;fire_coral_fan
253;stripped_warped_hyphae;31,77,75,255;stripped_warped_hyphae
254;purple_stained_glass_pane;121,60,170,255;purple_stained_glass_pane
255;crimson_roots;126,8,41,255;crimson_roots
256;potted_allium;0,67,0,255;potted_allium
257;cherry_door;223,170,164,255;cherry_door
258;potted_white_tulip;0,67,0,255;potted_white_tulip
259;white_carpet;140,140,140,255;white_carpet
260;twisting_vines;20,143,124,255;twisting_vines
261;orange_bed;119,69,26,255;orange_bed
262;yellow_wall_banner;78,64,38,255;yellow_wall_banner
263;lime_bed;69,112,12,255;lime_bed
264;shroomlight;240,146,70,255;shroomlight
265;damaged_anvil;72,72,72,255;damaged_anvil
266;player_wall_head;60,60,60,255;player_wall_head
267;pitcher_crop;193,165,103,255;pitcher_crop
268;raw_copper_block;154,105,79,255;raw_copper_block
269;pale_oak_log;87,77,75,255;pale_oak_log
270;poppy;128,64,37,255;poppy
271;loom;142,119,91,255;loom
272;melon;111,144,30,255;melon
273;granite;149,103,85,255;granite,granite_wall,granite_slab,granite_stairs
274;infested_cobblestone;60,60,60,255;infested_cobblestone
275;chiseled_bookshelf;178,144,88,255;chiseled_bookshelf
276;flowing_water;140,0,140,255;flowing_water
277;oak_planks;162,130,78,255;oak_planks,oak_fence_gate,oak_wall_sign,oak_sign,oak_stairs,oak_button,oak_pressure_plate,oak_fence,oak_hanging_sign,oak_wall_hanging_sign
278;potatoes;0,67,0,255;potatoes
279;potted_cactus;0,67,0,255;potted_cactus
280;lectern;173,137,83,255;lectern
281;chorus_flower;151,120,151,255;chorus_flower
282;tripwire_hook;142,133,118,255;tripwire_hook
283;weathered_chiseled_copper;104,150,111,255;weathered_chiseled_copper,waxed_weathered_chiseled_copper
284;seagrass;50,126,8,255;seagrass
285;wet_sponge;171,181,70,255;wet_sponge
286;potted_red_tulip;0,67,0,255;potted_red_tulip
287;cocoa;0,67,0,255;cocoa
288;cobweb;228,233,234,255;cobweb
289;azure_bluet;169,204,127,255;azure_bluet
290;hopper;75,74,75,255;hopper
291;polished_deepslate;72,72,73,255;polished_deepslate,polished_deepslate_wall,polished_deepslate_slab
292;green_concrete_powder;97,119,44,255;green_concrete_powder
293;powder_snow_cauldron;60,60,60,255;powder_snow_cauldron
294;red_nether_bricks;69,7,9,255;red_nether_bricks
295;end_gateway;12,12,12,255;end_gateway
296;black_bed;12,12,12,255;black_bed
297;polished_blackstone_bricks;48,42,49,255;polished_blackstone_bricks
298;exposed_copper_grate;161,125,104,255;exposed_copper_grate,waxed_exposed_copper_grate
299;firefly_bush;87,83,43,255;firefly_bush
300;zombie_head;82,59,41,255;zombie_head
301;smooth_quartz;140,138,135,255;smooth_quartz,smooth_quartz_stairs,smooth_quartz_slab
302;exposed_copper_lantern;148,131,104,255;exposed_copper_lantern,waxed_exposed_copper_lantern
303;light_gray_stained_glass;150,150,150,255;light_gray_stained_glass
304;air;0,0,0,255;air
305;white_bed;140,140,140,255;white_bed
306;oxidized_copper_chain;61,118,99,255;oxidized_copper_chain
307;enchanting_table;128,75,85,255;enchanting_table
308;acacia_planks;168,90,50,255;acacia_planks,acacia_pressure_plate,acacia_button,acacia_sign,acacia_slab,acacia_stairs,acacia_wall_hanging_sign,acacia_wall_sign,acacia_fence,acacia_hanging_sign
309;cobblestone;127,127,127,255;cobblestone,cobblestone_wall,cobblestone_stairs
310;end_portal;12,12,12,255;end_portal
311;gray_concrete_powder;76,81,84,255;gray_concrete_powder
312;scaffolding;170,131,73,255;scaffolding
313;potted_open_eyeblossom;119,69,26,255;potted_open_eyeblossom
314;ice;144,182,252,255;ice
315;stripped_spruce_log;115,89,52,255;stripped_spruce_log
316;exposed_copper_chest;74,58,53,255;exposed_copper_chest,waxed_exposed_copper_chest
317;light_weighted;220,0,220,255;light_weighted
318;deepslate_diamond_ore;83,106,106,255;deepslate_diamond_ore
319;big_dripleaf_stem;91,115,45,255;big_dripleaf_stem
320;light_blue_candle;34,137,196,255;light_blue_candle
321;amethyst_block;133,97,191,255;amethyst_block
322;copper_lantern;158,108,75,255;copper_lantern,waxed_copper_lantern
323;light_gray_stained_glass_pane;146,146,146,255;light_gray_stained_glass_pane
324;birch_trapdoor;207,194,157,255;birch_trapdoor
325;oxeye_daisy;179,202,143,255;oxeye_daisy
326;potted_orange_tulip;0,67,0,255;potted_orange_tulip
327;copper_bulb;156,86,57,255;copper_bulb
328;purple_glazed_terracotta;109,47,152,255;purple_glazed_terracotta
329;sandstone;216,203,155,255;sandstone,sandstone_stairs,sandstone_wall,sandstone_slab
330;copper_chest;119,69,26,255;copper_chest
331;bamboo_trapdoor;198,179,85,255;bamboo_trapdoor
332;orange_shulker_box;234,106,8,255;orange_shulker_box
333;wheat;0,67,0,255;wheat
334;exposed_cut_copper;154,121,101,255;exposed_cut_copper,waxed_exposed_cut_copper_stairs,waxed_exposed_cut_copper_slab,waxed_exposed_cut_copper,exposed_cut_copper_slab
335;yellow_concrete_powder;232,199,54,255;yellow_concrete_powder
336;composter;152,98,51,255;composter
337;light_blue_concrete_powder;74,180,213,255;light_blue_concrete_powder
338;dark_oak_shelf;65,51,32,255;dark_oak_shelf
339;green_bed;55,69,26,255;green_bed
340;pumpkin;198,118,24,255;pumpkin
341;andesite;136,136,136,255;andesite,andesite_slab,andesite_stairs
342;magenta_concrete_powder;192,83,184,255;magenta_concrete_powder
343;player_head;60,60,60,255;player_head
344;tuff;108,109,102,255;tuff,tuff_wall,tuff_stairs
345;black_glazed_terracotta;67,30,32,255;black_glazed_terracotta
346;candle;232,200,153,255;candle
347;stripped_cherry_wood;114,97,88,255;stripped_cherry_wood
348;yellow_carpet;125,125,26,255;yellow_carpet
349;infested_deepslate;54,54,54,255;infested_deepslate
350;test_block;83,83,83,255;test_block
351;potted_mangrove_propagule;0,67,0,255;potted_mangrove_propagule
352;weathered_copper_chest;31,77,75,255;weathered_copper_chest
353;crimson_shelf;129,52,82,255;crimson_shelf
354;red_glazed_terracotta;181,59,53,255;red_glazed_terracotta
355;pumpkin_stem;154,154,154,255;pumpkin_stem
356;copper_golem_statue;119,69,26,255;copper_golem_statue
357;crimson_fungus;141,44,29,255;crimson_fungus
358;bamboo_door;191,171,81,255;bamboo_door
359;cactus_flower;209,120,135,255;cactus_flower
360;dark_prismarine;51,91,75,255;dark_prismarine,dark_prismarine_slab,dark_prismarine_stairs
361;kelp;87,140,44,255;kelp
362;oak_log;109,85,50,255;oak_log
363;jack_o_lantern;214,152,52,255;jack_o_lantern
364;white_candle;210,216,217,255;white_candle
365;void_air;0,0,0,255;void_air
366;mangrove_trapdoor;110,46,42,255;mangrove_trapdoor
367;light_gray_shulker_box;124,124,115,255;light_gray_shulker_box
368;campfire;69,46,26,255;campfire
369;calcite;223,224,220,255;calcite
370;red_sandstone;186,99,29,255;red_sandstone,red_sandstone_wall,red_sandstone_slab
371;jungle_shelf;155,121,73,255;jungle_shelf
372;azalea_leaves;90,114,44,255;azalea_leaves
373;exposed_copper;161,125,103,255;exposed_copper
374;potted_torchflower;0,67,0,255;potted_torchflower
375;lime_candle;98,171,22,255;lime_candle
376;jungle_door;163,119,84,255;jungle_door
377;suspicious_sand;217,204,159,255;suspicious_sand
378;chiseled_resin_bricks;200,84,24,255;chiseled_resin_bricks
379;polished_granite;154,106,89,255;polished_granite,polished_granite_slab,polished_granite_stairs
380;potted_dandelion;0,67,0,255;potted_dandelion
381;green_wall_banner;78,64,38,255;green_wall_banner
382;bamboo_shelf;182,164,75,255;bamboo_shelf
383;amethyst_cluster;163,126,207,255;amethyst_cluster
384;ancient_debris;94,66,58,255;ancient_debris
385;iron_door;194,193,193,255;iron_door
386;big_dripleaf;111,141,51,255;big_dripleaf
387;gray_candle_cake;108,108,108,255;gray_candle_cake
388;dried_kelp_block;55,69,26,255;dried_kelp_block
389;red_wall_banner;78,64,38,255;red_wall_banner
390;purple_concrete_powder;131,55,177,255;purple_concrete_powder
391;light_blue_stained_glass;100,150,214,255;light_blue_stained_glass
392;light_gray_bed;83,83,83,255;light_gray_bed
393;crimson_door;114,54,79,255;crimson_door
394;gray_wool;62,68,71,255;gray_wool
395;dead_tube_coral_block;130,123,119,255;dead_tube_coral_block
396;lime_concrete;94,168,24,255;lime_concrete
397;bricks;150,97,83,255;bricks
398;stonecutter;123,118,111,255;stonecutter
399;weathered_copper_golem_statue;31,77,75,255;weathered_copper_golem_statue,waxed_weathered_copper_golem_statue
400;cyan_banner;78,64,38,255;cyan_banner
401;cracked_deepslate_tiles;52,52,52,255;cracked_deepslate_tiles
402;stripped_acacia_log;174,92,59,255;stripped_acacia_log
403;white_wall_banner;78,64,38,255;white_wall_banner
404;respawn_anchor;74,25,143,255;respawn_anchor
405;obsidian;15,10,24,255;obsidian
406;weathered_copper_bulb;92,126,99,255;weathered_copper_bulb
407;acacia_door;167,95,60,255;acacia_door
408;oak_sapling;77,106,40,255;oak_sapling
409;copper_grate;191,107,79,255;copper_grate,waxed_copper_grate
410;birch_shelf;175,155,106,255;birch_shelf
411;diamond_block;98,237,228,255;diamond_block
412;redstone_block;175,24,5,255;redstone_block
413;quartz_pillar;235,230,224,255;quartz_pillar
414;torchflower;100,101,77,255;torchflower
415;oxidized_copper_golem_statue;10,69,73,255;oxidized_copper_golem_statue
416;stripped_cherry_log;215,145,148,255;stripped_cherry_log
417;horn_coral_fan;205,183,61,255;horn_coral_fan
418;brain_coral_wall_fan;132,69,90,255;brain_coral_wall_fan
419;potted_closed_eyeblossom;91,91,91,255;potted_closed_eyeblossom
420;light_gray_candle_cake;108,108,108,255;light_gray_candle_cake
421;mossy_stone_bricks;115,121,105,255;mossy_stone_bricks
422;end_stone_brick;220,0,220,255;end_stone_brick,end_stone_brick_wall,end_stone_brick_stairs
423;mangrove_door;112,48,46,255;mangrove_door
424;quartz_bricks;234,229,221,255;quartz_bricks
425;ender_chest;60,60,60,255;ender_chest
426;smithing_table;57,58,70,255;smithing_table
427;lodestone;147,149,152,255;lodestone
428;kelp_plant;86,130,42,255;kelp_plant
429;white_concrete_powder;225,227,227,255;white_concrete_powder
430;tube_coral_block;49,87,206,255;tube_coral_block
431;jungle_leaves;15,115,0,255;jungle_leaves
432;grass_path;82,59,41,255;grass_path
433;dead_horn_coral_fan;134,125,121,255;dead_horn_coral_fan
434;vine;116,116,116,255;vine
435;bedrock;85,85,85,255;bedrock
436;grindstone;139,139,139,255;grindstone
437;stripped_crimson_hyphae;81,33,52,255;stripped_crimson_hyphae
438;attached_melon_stem;141,142,141,255;attached_melon_stem
439;pale_oak_trapdoor;229,220,218,255;pale_oak_trapdoor
440;pale_oak_leaves;116,121,114,255;pale_oak_leaves
441;stripped_pale_oak_wood;140,138,135,255;stripped_pale_oak_wood
442;red_sand;190,102,33,255;red_sand
443;cyan_concrete;21,119,136,255;cyan_concrete
444;chiseled_tuff_bricks;98,103,95,255;chiseled_tuff_bricks
445;orange_stained_glass;214,125,50,255;orange_stained_glass
446;weathered_copper;108,153,110,255;weathered_copper,waxed_weathered_copper
447;fletching_table;197,180,133,255;fletching_table
448;heavy_core;82,86,94,255;heavy_core
449;stripped_dark_oak_wood;55,41,26,255;stripped_dark_oak_wood
450;crimson_trapdoor;103,50,72,255;crimson_trapdoor
451;mossy_cobblestone;110,118,94,255;mossy_cobblestone,mossy_cobblestone_stairs,mossy_cobblestone_slab
452;purple_terracotta;118,70,86,255;purple_terracotta
453;gray_carpet;41,41,41,255;gray_carpet
454;redstone_wire;83,26,26,255;redstone_wire
455;blue_concrete;44,46,143,255;blue_concrete
456;green_candle;72,96,20,255;green_candle
457;crimson_nylium;130,31,31,255;crimson_nylium
458;coal_ore;105,105,105,255;coal_ore
459;pale_moss_block;106,112,104,255;pale_moss_block
460;yellow_bed;125,125,26,255;yellow_bed
461;crimson_stem;92,25,29,255;crimson_stem
462;coal_block;16,15,15,255;coal_block
463;bone_block;209,206,179,255;bone_block
464;pitcher_plant;0,67,0,255;pitcher_plant
465;lapis_ore;107,117,141,255;lapis_ore
466;potted_spruce_sapling;0,67,0,255;potted_spruce_sapling
467;sculk_catalyst;15,31,38,255;sculk_catalyst
468;infested_stone;60,60,60,255;infested_stone
469;gray_wall_banner;78,64,38,255;gray_wall_banner
470;iron_trapdoor;202,202,202,255;iron_trapdoor
471;dead_bubble_coral_fan;140,134,130,255;dead_bubble_coral_fan
472;dead_bush;107,78,40,255;dead_bush
473;blue_stained_glass_pane;47,72,170,255;blue_stained_glass_pane
474;oxidized_copper_chest;10,69,73,255;oxidized_copper_chest,waxed_oxidized_copper_chest
475;white_candle_cake;108,108,108,255;white_candle_cake
476;fire_coral;166,37,46,255;fire_coral
477;beacon;117,220,215,255;beacon
478;honeycomb_block;229,148,29,255;honeycomb_block
479;spruce_log;58,37,16,255;spruce_log
480;exposed_lightning_rod;159,120,103,255;exposed_lightning_rod,waxed_exposed_lightning_rod
481;acacia_shelf;156,85,53,255;acacia_shelf
482;calibrated_sculk_sensor;27,79,100,255;calibrated_sculk_sensor
483;fire_coral_wall_fan;83,26,26,255;fire_coral_wall_fan
484;mangrove_wood;69,46,26,255;mangrove_wood
485;birch_sapling;127,160,79,255;birch_sapling
486;weathered_copper_grate;106,152,110,255;weathered_copper_grate,waxed_weathered_copper_grate
487;beetroots;0,67,0,255;beetroots
488;flowing_lava;140,0,140,255;flowing_lava
489;brown_mushroom_block;149,111,81,255;brown_mushroom_block
490;oxidized_copper_grate;82,161,131,255;oxidized_copper_grate
491;yellow_concrete;240,175,21,255;yellow_concrete
492;brain_coral_fan;202,84,153,255;brain_coral_fan
493;polished_basalt;99,98,100,255;polished_basalt
494;chiseled_stone_bricks;119,118,119,255;chiseled_stone_bricks
495;white_wool;233,236,236,255;white_wool
496;gravel;131,127,126,255;gravel
497;iron_block;220,220,220,255;iron_block
498;gray_shulker_box;55,58,62,255;gray_shulker_box
499;quartz;220,0,220,255;quartz,quartz_stairs
500;brown_stained_glass;100,75,50,255;brown_stained_glass
501;crafting_table;119,73,42,255;crafting_table
502;light_gray_wool;142,142,134,255;light_gray_wool
503;spruce_door;106,80,48,255;spruce_door
504;repeating_command_block;128,110,170,255;repeating_command_block
505;stripped_jungle_wood;82,59,41,255;stripped_jungle_wood
506;glass;175,213,219,255;glass
507;birch_door;220,209,176,255;birch_door
508;black_banner;78,64,38,255;black_banner
509;orange_candle_cake;108,108,108,255;orange_candle_cake
510;exposed_copper_chain;126,101,83,255;exposed_copper_chain,waxed_exposed_copper_chain
511;birch_log;216,215,210,255;birch_log
512;pink_concrete;213,101,142,255;pink_concrete
513;dead_fire_coral_block;131,123,119,255;dead_fire_coral_block
514;blue_bed;26,41,97,255;blue_bed
515;flower_pot;124,68,53,255;flower_pot
516;infested_mossy_stone_bricks;60,60,60,255;infested_mossy_stone_bricks
517;light_gray_candle;118,120,112,255;light_gray_candle
518;magenta_wool;189,68,179,255;magenta_wool
519;nether_quartz_ore;117,65,62,255;nether_quartz_ore
520;sniffer_egg;83,26,26,255;sniffer_egg
521;diorite;188,188,188,255;diorite,diorite_slab,diorite_wall,diorite_stairs
522;oak_leaves;14,107,0,255;oak_leaves
523;muddy_mangrove_roots;70,58,45,255;muddy_mangrove_roots
524;frosted_ice;138,179,251,255;frosted_ice
525;dragon_head;12,12,12,255;dragon_head
526;copper_trapdoor;190,106,79,255;copper_trapdoor,waxed_copper_trapdoor
527;copper_ore;124,125,120,255;copper_ore
528;purpur_pillar;171,129,171,255;purpur_pillar
529;pink_shulker_box;230,121,157,255;pink_shulker_box
530;black_stained_glass_pane;23,23,23,255;black_stained_glass_pane
531;resin_block;217,99,25,255;resin_block
532;mangrove_log;83,66,41,255;mangrove_log
533;mycelium;111,98,101,255;mycelium
534;mossy_stone_brick;220,0,220,255;mossy_stone_brick,mossy_stone_brick_wall,mossy_stone_brick_stairs
535;black_concrete;8,10,15,255;black_concrete
536;pink_wall_banner;78,64,38,255;pink_wall_banner
537;potted_brown_mushroom;55,41,26,255;potted_brown_mushroom
538;potted_cherry_sapling;125,125,26,255;potted_cherry_sapling
539;iron_bars;136,139,135,255;iron_bars
540;prismarine_brick;220,0,220,255;prismarine_brick,prismarine_brick_stairs
541;mangrove_shelf;109,45,42,255;mangrove_shelf
542;stripped_acacia_wood;119,69,26,255;stripped_acacia_wood
543;oxidized_copper_door;82,160,132,255;oxidized_copper_door
544;tuff_bricks;98,102,95,255;tuff_bricks
545;netherrack;97,38,38,255;netherrack
546;oak_door;140,110,66,255;oak_door
547;end_portal_frame;91,120,97,255;end_portal_frame
548;chiseled_sandstone;216,202,155,255;chiseled_sandstone
549;potted_fern;0,67,0,255;potted_fern
550;lime_candle_cake;108,108,108,255;lime_candle_cake
551;orange_concrete_powder;227,131,31,255;orange_concrete_powder
552;infested_chiseled_stone_bricks;60,60,60,255;infested_chiseled_stone_bricks
553;dead_horn_coral_block;133,126,122,255;dead_horn_coral_block
554;dead_brain_coral_block;124,117,114,255;dead_brain_coral_block
555;cake;248,222,214,255;cake
556;stripped_mangrove_log;119,54,47,255;stripped_mangrove_log
557;dead_bubble_coral_wall_fan;41,41,41,255;dead_bubble_coral_wall_fan
558;lime_carpet;69,112,12,255;lime_carpet
559;ladder;124,96,54,255;ladder
560;lily_pad;133,133,133,255;lily_pad
561;purple_bed;69,33,97,255;purple_bed
562;hanging_roots;161,115,91,255;hanging_roots
563;cherry_trapdoor;226,178,172,255;cherry_trapdoor
564;black_wall_banner;78,64,38,255;black_wall_banner
565;podzol;91,63,24,255;podzol
566;glowstone;171,131,84,255;glowstone
567;end_stone_bricks;218,224,162,255;end_stone_bricks
568;cracked_polished_blackstone_bricks;44,37,43,255;cracked_polished_blackstone_bricks
569;wildflowers;237,213,117,255;wildflowers
570;dead_horn_coral_wall_fan;41,41,41,255;dead_horn_coral_wall_fan
571;red_banner;78,64,38,255;red_banner
572;black_stained_glass;24,24,24,255;black_stained_glass
573;budding_amethyst;132,96,186,255;budding_amethyst
574;pink_wool;237,141,172,255;pink_wool
575;blue_concrete_powder;70,73,166,255;blue_concrete_powder
576;cauldron;73,72,74,255;cauldron
577;lantern;106,91,83,255;lantern
578;twisting_vines_plant;20,135,122,255;twisting_vines_plant
579;red_concrete_powder;168,54,50,255;red_concrete_powder
580;light_blue_wall_banner;78,64,38,255;light_blue_wall_banner
581;lime_wall_banner;78,64,38,255;lime_wall_banner
582;azalea;101,124,47,255;azalea
583;lava_cauldron;60,60,60,255;lava_cauldron
584;potted_wither_rose;0,67,0,255;potted_wither_rose
585;smooth_stone;158,158,158,255;smooth_stone,smooth_stone_slab
586;pink_stained_glass;240,125,164,255;pink_stained_glass
587;stripped_mangrove_wood;83,26,26,255;stripped_mangrove_wood
588;flowering_azalea;112,121,64,255;flowering_azalea
589;magenta_candle;160,45,153,255;magenta_candle
590;potted_cornflower;0,67,0,255;potted_cornflower
591;note_block;88,58,40,255;note_block
592;glow_lichen;112,130,121,255;glow_lichen
593;cave_air;0,0,0,255;cave_air
594;light_blue_banner;78,64,38,255;light_blue_banner
595;green_stained_glass;100,125,50,255;green_stained_glass
596;tube_coral_wall_fan;26,41,97,255;tube_coral_wall_fan
597;yellow_terracotta;186,133,35,255;yellow_terracotta
598;wall_torch;125,125,26,255;wall_torch
599;deepslate_emerald_ore;78,104,87,255;deepslate_emerald_ore
600;warped_shelf;51,140,133,255;warped_shelf
601;lime_concrete_powder;125,189,41,255;lime_concrete_powder
602;chest;78,64,38,255;chest
603;brown_wall_banner;78,64,38,255;brown_wall_banner
604;green_terracotta;76,83,42,255;green_terracotta
605;magenta_terracotta;149,88,108,255;magenta_terracotta
606;test_instance_block;127,120,119,255;test_instance_block
607;packed_ice;141,180,250,255;packed_ice
608;pink_candle;208,101,142,255;pink_candle
609;blue_stained_glass;50,75,175,255;blue_stained_glass
610;deepslate;80,80,82,255;deepslate
611;weathered_copper_chain;72,108,91,255;weathered_copper_chain,waxed_weathered_copper_chain
612;dropper;60,60,60,255;dropper
613;chain_command_block;131,161,147,255;chain_command_block
614;small_amethyst_bud;131,99,192,255;small_amethyst_bud
615;red_terracotta;143,61,46,255;red_terracotta
616;piglin_wall_head;125,125,26,255;piglin_wall_head
617;deepslate_coal_ore;74,74,76,255;deepslate_coal_ore
618;gray_stained_glass_pane;72,72,72,255;gray_stained_glass_pane
619;stripped_bamboo_block;193,173,80,255;stripped_bamboo_block
620;sculk_sensor;7,70,84,255;sculk_sensor
621;creeper_head;55,69,26,255;creeper_head
622;potted_oxeye_daisy;0,67,0,255;potted_oxeye_daisy
623;red_nether_brick;220,0,220,255;red_nether_brick,red_nether_brick_slab,red_nether_brick_wall
624;dragon_wall_head;12,12,12,255;dragon_wall_head
625;cut_red_sandstone;189,101,31,255;cut_red_sandstone,cut_red_sandstone_slab
626;potted_oak_sapling;0,67,0,255;potted_oak_sapling
627;carved_pumpkin;150,84,17,255;carved_pumpkin
628;brown_bed;55,41,26,255;brown_bed
629;creeper_wall_head;55,69,26,255;creeper_wall_head
630;light_blue_shulker_box;49,163,212,255;light_blue_shulker_box
631;magenta_carpet;97,41,119,255;magenta_carpet
632;chiseled_quartz_block;231,226,218,255;chiseled_quartz_block
633;soul_sand;81,62,50,255;soul_sand
634;orange_terracotta;161,83,37,255;orange_terracotta
635;tall_grass;42,119,30,255;tall_grass
636;horn_coral_wall_fan;125,125,26,255;horn_coral_wall_fan
637;yellow_candle_cake;108,108,108,255;yellow_candle_cake
638;light_gray_concrete_powder;154,154,148,255;light_gray_concrete_powder
639;heavy_weighted;220,0,220,255;heavy_weighted
640;jigsaw;80,69,81,255;jigsaw
641;yellow_banner;78,64,38,255;yellow_banner
642;orange_carpet;119,69,26,255;orange_carpet
643;melon_stem;153,153,153,255;melon_stem
644;crying_obsidian;32,10,60,255;crying_obsidian
645;raw_gold_block;221,169,46,255;raw_gold_block
646;infested_stone_bricks;60,60,60,255;infested_stone_bricks
647;suspicious_gravel;129,125,124,255;suspicious_gravel
648;fern;34,99,24,255;fern
649;acacia_trapdoor;156,87,51,255;acacia_trapdoor
650;oxidized_copper_trapdoor;83,161,132,255;oxidized_copper_trapdoor,waxed_oxidized_copper_trapdoor
651;clay;160,166,179,255;clay
652;warped_hyphae;46,22,32,255;warped_hyphae
653;cyan_candle_cake;108,108,108,255;cyan_candle_cake
654;dead_brain_coral_fan;132,125,121,255;dead_brain_coral_fan
655;pale_moss_carpet;106,112,104,255;pale_moss_carpet
656;turtle_egg;228,226,191,255;turtle_egg
657;crimson_hyphae;50,12,15,255;crimson_hyphae
658;deepslate_copper_ore;92,93,89,255;deepslate_copper_ore
659;deepslate_tiles;54,54,55,255;deepslate_tiles
660;brown_carpet;55,41,26,255;brown_carpet
661;copper_bars;155,80,55,255;copper_bars,waxed_copper_bars
662;zombie_wall_head;82,59,41,255;zombie_wall_head
663;horn_coral_block;216,199,66,255;horn_coral_block
664;potted_blue_orchid;0,67,0,255;potted_blue_orchid
665;pink_glazed_terracotta;235,154,181,255;pink_glazed_terracotta
666;snow;249,254,254,255;snow
667;tripwire;127,127,127,255;tripwire
668;skeleton_skull;91,91,91,255;skeleton_skull
669;tall_seagrass;59,139,14,255;tall_seagrass
670;potted_birch_sapling;0,67,0,255;potted_birch_sapling
671;warped_fungus;74,109,87,255;warped_fungus
672;gold_block;246,208,61,255;gold_block
673;bee_nest;202,160,74,255;bee_nest
674;red_concrete;142,32,32,255;red_concrete
675;cornflower;79,121,146,255;cornflower
676;magenta_wall_banner;78,64,38,255;magenta_wall_banner
677;cyan_carpet;41,69,83,255;cyan_carpet
678;lapis_block;30,67,140,255;lapis_block
679;jungle_log;85,67,25,255;jungle_log
680;potted_warped_roots;41,69,83,255;potted_warped_roots
681;blue_wall_banner;78,64,38,255;blue_wall_banner
682;soul_torch;109,115,89,255;soul_torch
683;warped_trapdoor;47,119,111,255;warped_trapdoor
684;orange_banner;78,64,38,255;orange_banner
685;medium_amethyst_bud;158,120,201,255;medium_amethyst_bud
686;sponge;195,192,74,255;sponge
687;farmland;143,102,70,255;farmland
688;exposed_copper_golem_statue;74,58,53,255;exposed_copper_golem_statue,waxed_exposed_copper_golem_statue
689;white_concrete;207,213,214,255;white_concrete
690;white_stained_glass;254,254,254,255;white_stained_glass
691;cherry_leaves;229,172,194,255;cherry_leaves
692;conduit;159,139,113,255;conduit
693;cherry_wood;31,21,18,255;cherry_wood
694;bell;253,235,110,255;bell
695;magenta_candle_cake;108,108,108,255;magenta_candle_cake
696;spawner;36,46,62,255;spawner
697;purple_shulker_box;103,32,156,255;purple_shulker_box
698;piston_head;60,60,60,255;piston_head
699;vault;54,69,79,255;vault
700;bookshelf;117,94,59,255;bookshelf
701;purple_banner;78,64,38,255;purple_banner
702;deepslate_lapis_ore;79,90,115,255;deepslate_lapis_ore
703;large_amethyst_bud;161,126,202,255;large_amethyst_bud
704;cyan_shulker_box;20,121,135,255;cyan_shulker_box
705;dark_oak_door;76,51,25,255;dark_oak_door
706;potted_warped_fungus;41,69,83,255;potted_warped_fungus
707;cyan_stained_glass_pane;72,121,146,255;cyan_stained_glass_pane
708;purple_wool;121,42,172,255;purple_wool
709;beehive;157,126,75,255;beehive
710;raw_iron_block;166,135,107,255;raw_iron_block
711;yellow_wool;248,197,39,255;yellow_wool
712;dark_oak_leaves;15,112,0,255;dark_oak_leaves
713;black_terracotta;37,22,16,255;black_terracotta
714;moss_block;89,109,45,255;moss_block
715;deepslate_redstone_ore;104,73,74,255;deepslate_redstone_ore
716;jungle_trapdoor;152,110,77,255;jungle_trapdoor
717;mangrove_propagule;96,174,83,255;mangrove_propagule
718;nether_gold_ore;115,54,42,255;nether_gold_ore
719;stone_bricks;122,121,122,255;stone_bricks
720;white_banner;78,64,38,255;white_banner
721;barrier;140,0,0,255;barrier
722;stripped_warped_stem;57,150,147,255;stripped_warped_stem
723;oak_wood;69,46,26,255;oak_wood
724;orange_candle;219,100,9,255;orange_candle
725;chiseled_deepslate;54,54,54,255;chiseled_deepslate
726;spruce_shelf;104,82,47,255;spruce_shelf
727;stripped_spruce_wood;69,46,26,255;stripped_spruce_wood
728;dandelion;147,172,43,255;dandelion
729;sculk;12,29,36,255;sculk
730;pink_bed;132,69,90,255;pink_bed
731;sculk_vein;7,48,57,255;sculk_vein
732;pale_hanging_moss;98,103,97,255;pale_hanging_moss
733;shrub;140,0,140,255;shrub
734;black_candle_cake;108,108,108,255;black_candle_cake
735;light_gray_wall_banner;78,64,38,255;light_gray_wall_banner
736;yellow_stained_glass;228,228,50,255;yellow_stained_glass
737;emerald_block;42,203,87,255;emerald_block
738;potted_jungle_sapling;0,67,0,255;potted_jungle_sapling
739;light_gray_carpet;83,83,83,255;light_gray_carpet
740;skeleton_wall_skull;91,91,91,255;skeleton_wall_skull
741;soul_lantern;71,99,114,255;soul_lantern
742;lily_of_the_valley;123,174,95,255;lily_of_the_valley
743;resin_bricks;205,88,24,255;resin_bricks
744;tinted_glass;42,36,44,255;tinted_glass
745;white_glazed_terracotta;188,212,202,255;white_glazed_terracotta
746;dead_tube_coral_wall_fan;41,41,41,255;dead_tube_coral_wall_fan
747;potted_azure_bluet;0,67,0,255;potted_azure_bluet
748;green_shulker_box;79,100,31,255;green_shulker_box
749;dragon_egg;12,9,15,255;dragon_egg
750;nether_sprouts;19,151,133,255;nether_sprouts
751;light_blue_bed;55,83,119,255;light_blue_bed
752;yellow_shulker_box;248,188,29,255;yellow_shulker_box
753;cactus;85,127,43,255;cactus
754;lime_wool;112,185,25,255;lime_wool
755;light_blue_concrete;35,137,198,255;light_blue_concrete
756;emerald_ore;108,136,115,255;emerald_ore
757;weeping_vines;104,1,0,255;weeping_vines
758;cracked_stone_bricks;118,117,118,255;cracked_stone_bricks
759;wither_skeleton_wall_skull;12,12,12,255;wither_skeleton_wall_skull
760;dead_fire_coral;136,128,124,255;dead_fire_coral
761;red_stained_glass_pane;146,47,47,255;red_stained_glass_pane
762;smoker;85,83,81,255;smoker
763;cherry_shelf;202,130,129,255;cherry_shelf
764;crafter;112,98,99,255;crafter
765;light_blue_carpet;55,83,119,255;light_blue_carpet
766;rooted_dirt;144,103,76,255;rooted_dirt
767;blue_terracotta;74,59,91,255;blue_terracotta
768;soul_wall_torch;41,69,83,255;soul_wall_torch
769;shulker_box;139,96,139,255;shulker_box
770;coarse_dirt;119,85,59,255;coarse_dirt
771;soul_soil;75,57,46,255;soul_soil
772;soul_campfire;69,46,26,255;soul_campfire
773;iron_ore;136,129,122,255;iron_ore
774;gray_glazed_terracotta;83,90,93,255;gray_glazed_terracotta
775;green_candle_cake;108,108,108,255;green_candle_cake
776;weeping_vines_plant;132,16,12,255;weeping_vines_plant
777;blue_orchid;47,162,168,255;blue_orchid
778;moss_carpet;55,69,26,255;moss_carpet
779;black_concrete_powder;25,26,31,255;black_concrete_powder
780;lever;111,93,67,255;lever
781;detector_rail;123,104,90,255;detector_rail
782;cartography_table;103,87,67,255;cartography_table
783;magma_block;60,0,0,255;magma_block
784;dead_horn_coral;142,135,129,255;dead_horn_coral
785;copper_torch;117,109,73,255;copper_torch
786;spruce_sapling;44,60,36,255;spruce_sapling
787;dispenser;60,60,60,255;dispenser
788;dried_ghast;41,41,41,255;dried_ghast
789;yellow_glazed_terracotta;234,192,88,255;yellow_glazed_terracotta
790;iron_chain;51,57,74,255;iron_chain
791;bamboo_sapling;78,64,38,255;bamboo_sapling
792;fire_coral_block;163,35,46,255;fire_coral_block
793;dark_oak_log;60,46,26,255;dark_oak_log
794;pink_carpet;132,69,90,255;pink_carpet
795;trial_spawner;60,60,60,255;trial_spawner
796;short_dry_grass;187,158,108,255;short_dry_grass
797;cave_vines_plant;88,101,38,255;cave_vines_plant
798;activator_rail;115,87,74,255;activator_rail
799;tall_dry_grass;196,171,122,255;tall_dry_grass
800;blast_furnace;80,80,81,255;blast_furnace
801;purple_carpet;69,33,97,255;purple_carpet
802;netherite_block;66,61,63,255;netherite_block
803;creaking_heart;82,68,63,255;creaking_heart
804;weathered_copper_door;110,150,109,255;weathered_copper_door,waxed_weathered_copper_door
805;cyan_wall_banner;78,64,38,255;cyan_wall_banner
806;chipped_anvil;72,72,72,255;chipped_anvil
807;orange_glazed_terracotta;154,147,91,255;orange_glazed_terracotta
808;light;125,125,26,255;light
809;acacia_sapling;118,117,23,255;acacia_sapling
810;mangrove_roots;74,59,38,255;mangrove_roots
811;lime_terracotta;103,117,52,255;lime_terracotta
812;magenta_bed;97,41,119,255;magenta_bed
813;blue_wool;53,57,157,255;blue_wool
814;basalt;80,81,86,255;basalt
815;honey_block;249,184,51,255;honey_block
816;brewing_stand;122,100,80,255;brewing_stand
817;birch_wood;140,138,135,255;birch_wood
818;dead_bubble_coral;132,124,120,255;dead_bubble_coral
819;red_carpet;83,26,26,255;red_carpet
820;slime_block;110,190,89,255;slime_block
821;infested_cracked_stone_bricks;60,60,60,255;infested_cracked_stone_bricks
822;pale_oak_door;216,208,206,255;pale_oak_door
823;red_mushroom;216,75,67,255;red_mushroom
824;leaf_litter;108,72,46,255;leaf_litter
825;purple_stained_glass;125,60,175,255;purple_stained_glass
826;mud;60,57,60,255;mud
827;piglin_head;125,125,26,255;piglin_head
828;gold_ore;145,133,106,255;gold_ore
829;sea_pickle;90,97,39,255;sea_pickle
830;green_carpet;55,69,26,255;green_carpet
831;red_bed;83,26,26,255;red_bed
832;end_rod;207,198,187,255;end_rod
833;dirt;134,96,67,255;dirt
834;terracotta;152,94,67,255;terracotta
835;jungle_sapling;47,81,16,255;jungle_sapling
836;jungle_wood;69,46,26,255;jungle_wood
837;ochre_froglight;250,245,206,255;ochre_froglight
838;pale_oak_shelf;227,217,216,255;pale_oak_shelf
839;blue_glazed_terracotta;47,64,139,255;blue_glazed_terracotta
840;potted_bamboo;0,67,0,255;potted_bamboo
841;black_carpet;12,12,12,255;black_carpet
842;light_blue_terracotta;113,108,137,255;light_blue_terracotta
843;jukebox;93,64,47,255;jukebox
844;lime_stained_glass_pane;121,195,23,255;lime_stained_glass_pane
845;pink_candle_cake;108,108,108,255;pink_candle_cake
846;trapped_chest;78,64,38,255;trapped_chest
847;redstone_wall_torch;83,26,26,255;redstone_wall_torch
848;powder_snow;248,253,253,255;powder_snow
849;green_banner;78,64,38,255;green_banner
850;deepslate_gold_ore;115,102,78,255;deepslate_gold_ore
851;light_blue_candle_cake;108,108,108,255;light_blue_candle_cake
852;cyan_stained_glass;75,125,150,255;cyan_stained_glass
853;white_tulip;93,164,71,255;white_tulip
854;copper_wall_torch;55,69,26,255;copper_wall_torch
855;lime_stained_glass;125,203,24,255;lime_stained_glass
856;prismarine_bricks;99,171,158,255;prismarine_bricks
857;lava;140,0,0,255;lava
858;small_dripleaf;94,119,45,255;small_dripleaf
859;blue_candle_cake;108,108,108,255;blue_candle_cake
860;quartz_block;235,229,222,255;quartz_block
861;lime_banner;78,64,38,255;lime_banner
862;redstone_torch;182,59,44,255;redstone_torch
863;light_blue_wool;58,175,217,255;light_blue_wool
864;torchflower_crop;0,67,0,255;torchflower_crop
865;observer;98,98,98,255;observer
866;chiseled_polished_blackstone;53,48,56,255;chiseled_polished_blackstone
867;potted_pale_oak_sapling;91,91,91,255;potted_pale_oak_sapling
868;orange_wool;240,118,19,255;orange_wool
869;anvil;68,68,68,255;anvil
870;orange_concrete;224,97,0,255;orange_concrete
871;potted_poppy;0,67,0,255;potted_poppy
872;brown_candle_cake;108,108,108,255;brown_candle_cake
873;purple_candle;105,34,159,255;purple_candle
874;gray_concrete;54,57,61,255;gray_concrete
875;moving_piston;60,60,60,255;moving_piston
876;pale_oak_wood;60,60,60,255;pale_oak_wood
877;dead_fire_coral_fan;124,118,114,255;dead_fire_coral_fan
878;potted_dead_bush;78,64,38,255;potted_dead_bush
879;furnace;110,109,109,255;furnace
880;end_stone;219,222,158,255;end_stone
881;warped_roots;20,138,124,255;warped_roots
882;grass_block;40,118,29,255;grass_block
883;dead_brain_coral_wall_fan;41,41,41,255;dead_brain_coral_wall_fan
884;spruce_leaves;47,75,47,255;spruce_leaves
885;open_eyeblossom;133,124,127,255;open_eyeblossom
886;allium;158,137,183,255;allium
